Sex,Length,Diameter,Height,Weight
1,1.6125,1.2,0.475,38.8671645
1,1.475,1.0375,0.375,24.96173475
0,1.6625,1.3375,0.3875,39.2073585
1,1.8,1.45,0.4875,59.6189985
0,1.275,0.9875,0.3125,16.45688475
1,1.5125,1.125,0.4875,31.127751
1,1.425,1.1,0.35,27.03124825
0,1.4125,1.0875,0.375,28.066005
0,1.35,1.0375,0.3625,20.97863
1,1.3625,1.0375,0.5,38.498621
1,1.525,1.1875,0.375,31.56716825
1,1.3,1.0625,0.375,23.0481435
1,1.775,1.3875,0.425,41.673765
1,1.225,0.95,0.3875,16.386011
0,1.5,1.025,0.3625,26.6201805
0,1.55,1.275,0.4375,45.7844425
0,1.1875,0.9625,0.3,15.932419
0,1.6375,1.2875,0.5,38.9238635
0,1.8375,1.475,0.5125,59.1654065
1,1.3375,1.0125,0.3125,26.2799865
1,1.8125,1.325,0.475,49.0871593
0,1.275,0.975,0.3375,21.8007655
0,1.4375,1.0875,0.3375,28.122704
1,1.4875,1.175,0.3875,31.7797895
1,1.4375,1.1125,0.3375,25.0326085
0,1.475,1.1,0.375,27.08794725
1,1.2875,1.0625,0.35,21.715717
1,1.5875,1.1875,0.375,33.57998275
0,1.4125,1.175,0.4875,32.375129
1,1.6125,1.275,0.5,44.43784125
1,1.5,1.175,0.475,32.16250775
1,1.5125,1.2,0.35,28.0943545
1,1.55,1.1875,0.4,37.54891275
1,1.1125,0.8375,0.275,12.34620725
1,1.7375,1.375,0.4625,47.5988105
0,1.425,1.15,0.3875,28.36367475
1,1.5625,1.225,0.275,32.205032
0,1.45,1.125,0.3625,28.42037375
0,1.3,1.0,0.3,23.3316385
0,1.6,1.4625,0.4875,46.6916265
0,1.4875,1.15,0.3875,29.199985
0,1.2,0.9125,0.325,15.03940975
1,1.1625,0.8875,0.2875,13.33843975
1,1.0625,0.875,0.25,12.54465375
0,1.4375,1.1875,0.4,31.581343
0,0.875,0.6625,0.225,5.5848515
1,1.6,1.25,0.425,43.02036625
0,1.425,1.1375,0.3875,23.586784
0,1.3375,1.1,0.375,19.17843675
0,1.3,1.0,0.3,16.44271
0,1.375,1.025,0.3125,21.55979475
1,1.375,1.1,0.3875,26.818627
0,1.5625,1.2375,0.4375,35.550273
1,1.45,1.15,0.3,28.16522825
1,1.1875,0.95,0.35,19.5328055
0,1.6,1.325,0.4125,33.72173025
0,1.525,1.125,0.375,24.6924145
1,1.4875,1.2,0.5,27.6407625
0,1.5375,1.2375,0.5,36.967748
1,1.1,0.85,0.25,12.7856245
0,1.7125,1.275,0.4125,43.7999775
0,1.7375,1.3625,0.4625,44.55123925
1,1.6625,1.425,0.4625,43.147939
1,1.4125,1.125,0.4375,28.61882025
1,1.6125,1.2625,0.4125,37.364641
0,1.3125,1.0,0.325,17.633389
1,1.2875,0.9875,0.35,19.447757
1,1.2375,1.0,0.3875,18.27125275
1,1.625,1.25,0.475,41.503668
0,1.55,1.2375,0.4375,51.199197
1,1.15,0.9375,0.3,13.05494475
0,1.625,1.25,0.35,35.096681
0,1.7875,1.375,0.4375,51.7378375
0,1.5,1.2,0.4125,25.98231675
0,1.325,1.025,0.3875,20.28406725
0,1.35,1.05,0.475,19.43358225
0,1.4,1.125,0.3625,25.344453
0,1.475,1.225,0.4125,34.2178465
1,1.675,1.375,0.475,39.41997975
1,1.5125,1.2,0.375,30.5891105
1,1.65,1.325,0.45,43.02036625
1,0.9375,0.725,0.2,7.994559
0,1.55,1.2,0.4,30.51823675
0,1.5125,1.1875,0.4375,35.50774875
1,1.4125,1.1125,0.3875,23.416687
0,1.4625,1.1625,0.4125,25.0893075
1,1.4125,1.225,0.3875,26.20911275
1,1.25,1.0,0.35,18.75319425
0,0.8875,0.7,0.2375,6.95980225
1,1.45,1.1375,0.4,26.12406425
0,1.625,1.3125,0.4625,45.982889
0,1.15,0.9,0.3375,17.30736975
0,1.3,1.0375,0.4375,21.3471735
0,1.8,1.4625,0.55,54.260943
1,1.4125,1.125,0.4,22.5378525
0,1.4125,1.1375,0.3875,26.52095725
1,1.45,1.0875,0.375,23.643483
1,1.225,0.975,0.3375,16.40018575
0,1.2125,0.9625,0.3125,13.53688625
0,1.65,1.3625,0.4625,37.42134
1,1.325,1.05,0.3375,19.1926115
1,1.3375,1.0375,0.425,24.9192105
0,1.6,1.2125,0.4,28.519597
1,1.375,1.1,0.3375,23.91280325
1,1.1625,0.9,0.3,13.50853675
1,1.125,0.9,0.3125,14.16057525
1,1.175,0.8875,0.325,15.49300175
0,1.2,0.9625,0.3625,18.14368
1,1.3,1.0,0.3,18.46969925
1,1.3625,0.9625,0.375,31.70891575
1,1.325,1.0125,0.325,18.01610725
0,1.7625,1.375,0.525,40.78075575
1,1.175,0.9375,0.2625,14.5432935
0,1.55,1.225,0.4,29.3417325
1,1.2625,0.95,0.325,19.6462035
0,1.3625,1.125,0.375,27.725811
1,1.3875,1.1375,0.45,27.158821
1,1.6625,1.2625,0.4125,38.2434755
1,1.3,1.025,0.4,20.184844
0,1.475,1.1625,0.3375,28.05183025
0,1.1125,0.875,0.3,12.54465375
1,1.45,1.2,0.45,35.42270025
0,1.25,1.0,0.4125,23.3883375
0,1.25,1.0375,0.4125,19.51863075
1,1.3375,1.025,0.325,20.25571775
1,1.5125,1.1875,0.4375,30.504062
1,1.375,1.0375,0.45,33.04134225
1,1.575,1.225,0.425,34.45881725
0,1.1875,0.9125,0.35,17.50581625
0,1.3625,1.125,0.375,24.93338525
1,1.4875,1.15,0.3875,29.63940225
1,1.2375,0.9625,0.325,19.57532975
1,1.6125,1.25,0.375,32.8570705
0,1.5,1.175,0.4375,31.3261975
1,0.925,0.7,0.275,6.53455975
0,1.65,1.2375,0.4875,46.13881125
0,1.5,1.175,0.4,33.849303
0,1.625,1.3125,0.475,42.51007525
0,1.25,1.05,0.3125,17.57669
0,1.075,0.8625,0.2875,8.63242275
1,1.825,1.4375,0.4625,53.28288525
1,1.6,1.275,0.4125,42.127357
1,1.2625,1.025,0.375,17.98775775
1,1.2,0.925,0.325,16.68368075
1,1.0125,0.775,0.3,8.77417025
1,1.375,1.1,0.3125,21.6873675
0,1.575,1.225,0.4,30.900955
0,1.2625,1.0125,0.275,17.7184375
0,1.675,1.25,0.475,43.0628905
0,1.575,1.3125,0.4875,37.23706825
0,1.4625,1.1875,0.3,26.7902775
0,1.6875,1.3125,0.4375,39.745999
1,1.3125,1.0375,0.375,20.28406725
1,1.6375,1.2625,0.4875,40.83745475
0,1.6,1.25,0.4375,36.0889135
1,1.4875,1.125,0.4125,30.6458095
0,1.0,0.725,0.2875,7.92368525
1,1.5375,1.2125,0.4,32.81454625
0,0.875,0.6625,0.225,6.39281225
0,1.5125,1.1125,0.35,27.839209
1,1.4625,1.125,0.4,25.64212275
0,1.5,1.2375,0.4375,36.570855
0,1.6,1.2375,0.4125,37.0527965
1,1.6625,1.2875,0.45,39.3774555
1,1.5875,1.3,0.4125,38.00250475
0,1.1,0.8125,0.2,11.7083435
0,1.425,1.1625,0.3125,24.0687255
0,1.6375,1.2125,0.4875,45.92619
0,1.6875,1.2875,0.375,37.194544
1,1.725,1.375,0.45,47.0318205
1,1.6125,1.3125,0.475,51.27007075
1,1.3625,1.025,0.3125,19.66037825
0,1.5375,1.15,0.425,29.95124675
1,1.3625,1.0625,0.3125,21.772416
0,1.5875,1.2125,0.45,33.43823525
0,1.525,1.125,0.475,30.63163475
1,1.4375,1.15,0.3625,28.19357775
1,1.35,1.1,0.4,30.91512975
1,1.675,1.2625,0.5125,38.68289275
0,1.4625,1.0125,0.375,35.62114675
1,1.4375,1.1625,0.35,27.158821
0,1.4125,1.0875,0.4625,27.82503425
0,1.625,1.2375,0.45,50.8306535
1,1.3625,1.0125,0.4375,27.78251
1,0.9875,0.7875,0.2625,9.96484925
0,1.2625,0.9125,0.2875,14.7700895
0,1.625,1.2375,0.4,34.23202125
0,1.375,1.1,0.3375,24.9192105
1,1.6375,1.2875,0.425,43.2896865
1,1.6125,1.225,0.475,37.03862175
0,1.225,1.1625,0.3125,14.81261375
1,1.375,1.075,0.375,23.81358
1,1.4375,1.1875,0.4,25.3728025
1,1.5625,1.2875,0.4,35.833768
0,1.5,1.175,0.4125,30.0221205
0,1.575,1.325,0.4375,40.07201825
1,1.6625,1.3125,0.525,46.606578
1,0.9625,0.75,0.25,7.72523875
0,1.425,1.15,0.425,25.61377325
1,1.225,0.9125,0.3625,17.98775775
0,1.175,0.9375,0.3,16.45688475
0,1.775,1.35,0.4125,55.5366705
1,1.0375,0.8125,0.2875,9.79475225
1,1.375,1.075,0.35,22.97726975
0,1.575,1.275,0.575,43.6298805
1,1.225,0.9625,0.375,22.29688175
1,1.2125,0.925,0.2875,13.56523575
0,1.5,1.125,0.4875,37.98833
1,1.7125,1.4125,0.4375,46.436481
1,1.6,1.1875,0.475,32.6302745
0,1.5625,1.2375,0.4375,36.67007825
1,1.4,1.1625,0.4,29.24250925
0,1.1875,0.925,0.3125,18.5689225
0,1.4125,1.0625,0.3375,23.00561925
0,1.7875,1.3125,0.5,53.580555
0,1.3125,1.0625,0.3,24.56484175
0,1.5,1.1875,0.3875,32.27590575
1,1.4125,1.2625,0.525,36.18813675
1,1.45,1.1875,0.3875,27.612413
0,1.425,1.075,0.3,30.09299425
0,1.875,1.375,0.45,53.6656035
1,1.1875,0.9375,0.375,15.8473705
1,1.6,1.3,0.4375,35.380176
1,1.6625,1.275,0.4375,39.13648475
0,1.5625,1.225,0.4125,31.65221675
1,1.4875,1.1375,0.4,29.48348
0,1.55,1.1875,0.4625,37.5630875
1,1.5,1.15,0.3625,26.43590875
0,1.325,1.1,0.5125,23.6718325
0,1.525,1.225,0.375,31.2694985
1,1.3,1.0125,0.3125,18.24290325
0,0.975,0.7125,0.2375,7.6827145
0,1.75,1.3625,0.4625,45.74191825
1,1.35,0.9625,0.35,21.70154225
0,1.4375,1.1125,0.425,28.98736375
1,1.025,0.8125,0.2625,10.30504325
0,1.9,1.4375,0.475,51.8512355
1,1.1,0.8625,0.425,11.58077075
0,1.3875,1.1,0.3375,25.58542375
0,1.525,1.2,0.375,34.0194
1,1.55,1.25,0.4375,32.488527
0,1.55,1.25,0.4125,37.0527965
0,1.6375,1.3625,0.475,40.38386275
0,1.45,1.125,0.4375,30.277266
1,1.7875,1.4625,0.575,58.75433875
1,1.4375,1.0875,0.375,29.21415975
1,1.5375,1.1625,0.375,26.1665885
0,1.25,0.9625,0.3375,18.21455375
1,1.2875,1.0,0.425,22.566202
0,1.375,1.15,0.325,20.08562075
0,1.75,1.35,0.5125,49.32813
1,1.3375,1.05,0.325,19.8163005
1,1.35,1.0625,0.4,26.80445225
0,1.725,1.35,0.4625,45.91201525
1,1.6625,1.325,0.45,42.2691045
0,1.4,1.1,0.35,27.5273645
0,1.6125,1.2625,0.4625,41.4753185
0,1.5125,1.1375,0.4,31.79396425
1,1.45,1.0625,0.3875,24.7491135
1,1.45,1.15,0.375,28.22192725
0,1.2375,0.9875,0.3,15.6772735
1,1.3125,1.025,0.3375,20.08562075
0,1.4625,1.125,0.4375,31.96406125
0,1.5625,1.2,0.45,34.6714385
1,1.2375,0.9375,0.375,16.9246515
1,1.5625,1.175,0.3625,27.895908
0,1.5125,1.225,0.45,33.0838665
1,1.3,1.0125,0.3,17.7751365
0,1.5375,1.2625,0.4125,33.0838665
0,1.4375,1.15,0.4125,25.95396725
0,1.55,1.225,0.425,34.31706975
0,1.4625,1.15,0.4625,26.138239
0,1.775,1.3875,0.4875,55.23900075
1,1.6125,1.3125,0.475,41.48949325
0,1.3875,1.1375,0.4,29.97959625
0,1.1625,0.9,0.275,14.04717725
0,1.475,1.1875,0.4125,30.5324115
1,1.375,1.0375,0.3375,23.09066775
0,1.7375,1.425,0.5,57.6345335
0,1.5,1.2375,0.4125,35.19590425
0,1.6625,1.2875,0.4125,39.27823225
0,1.1125,0.8625,0.225,10.75863525
0,1.4375,1.1125,0.35,20.8935815
0,1.5875,1.3,0.4375,36.627554
0,1.625,1.3625,0.4,35.22425375
0,1.55,1.175,0.3375,28.90231525
0,1.5625,1.25,0.325,30.674159
1,1.075,0.8125,0.2875,10.95708175
1,1.425,1.125,0.45,25.741346
0,1.2875,0.95,0.4375,27.11629675
1,1.575,1.1875,0.3875,28.36367475
0,1.4375,1.0875,0.325,28.64716975
0,1.675,1.2875,0.4125,33.26813825
1,1.4375,1.125,0.4,27.71163625
0,1.2875,1.0875,0.3625,24.99008425
0,1.4625,1.1375,0.375,27.9809565
0,1.5,1.1625,0.4125,29.426781
0,1.3625,1.025,0.35,20.8935815
0,1.35,1.0375,0.425,24.9192105
1,1.325,1.05,0.425,23.473386
1,1.4625,1.15,0.4125,29.993771
1,1.525,1.2125,0.45,36.27318525
1,1.6875,1.3875,0.5125,54.5727875
1,1.1,0.85,0.325,11.89261525
1,1.7,1.375,0.5,45.245802
1,1.4125,1.1375,0.375,23.26076475
1,1.325,0.9875,0.3625,21.9708625
1,1.45,1.075,0.425,41.95726
0,1.3,1.05,0.4,21.1203775
1,1.225,0.95,0.3125,15.5638755
0,1.4375,1.0875,0.375,22.8213475
1,1.475,1.15,0.3625,28.08017975
0,1.175,0.925,0.45,14.458245
1,1.6625,1.325,0.4625,39.56172725
0,1.175,0.9375,0.325,14.8267885
1,1.1,0.8875,0.2875,11.7650425
1,1.1875,0.9375,0.3125,16.669506
1,1.4,1.075,0.3125,22.75047375
0,1.5625,1.2875,0.425,37.7331845
0,1.4125,0.975,0.3125,21.092028
0,1.325,1.0125,0.3125,18.46969925
1,1.575,1.2,0.4125,35.76289425
1,1.6,1.25,0.375,34.06192425
1,1.775,1.4125,0.4875,51.5110415
0,1.375,1.025,0.325,24.67823975
1,1.525,1.225,0.425,38.20095125
0,1.3625,1.025,0.35,17.7184375
1,0.925,0.6875,0.25,6.30776375
1,1.4,1.1125,0.4875,27.8108595
0,1.5625,1.2875,0.4125,34.5013415
1,1.4875,1.1625,0.3875,29.086587
0,1.5,1.1625,0.3875,35.777069
1,1.575,1.2375,0.5,40.41221225
1,1.8125,1.45,0.4625,43.1762885
0,1.575,1.175,0.3875,32.10580875
0,1.325,1.0625,0.325,19.901349
1,1.5625,1.2,0.3875,34.11862325
0,1.8,1.425,0.5,51.80871125
0,1.075,0.825,0.2375,9.63883
0,1.6625,1.2875,0.5,35.98969025
0,1.1875,0.8875,0.3,13.60776
0,1.525,1.15,0.4,28.3495
1,1.1875,1.0,0.2875,15.3370795
1,1.7,1.375,0.475,51.2275465
1,1.5875,1.2625,0.425,40.1145425
1,1.25,1.0,0.3125,18.92329125
0,1.725,1.325,0.525,44.8772585
1,1.3125,1.025,0.375,20.071446
1,1.5875,1.2375,0.4875,36.7693015
1,1.375,1.075,0.3875,22.2543575
1,1.6375,1.3125,0.475,38.54114525
0,1.225,0.8875,0.3875,27.8108595
1,1.55,1.1625,0.35,28.6613445
0,1.5,1.15,0.3875,27.20134525
0,1.4875,1.1375,0.4875,37.71900975
1,1.0,0.775,0.2875,9.82310175
0,1.625,1.275,0.4,39.22153325
0,1.55,1.1625,0.3625,25.8263945
0,1.575,1.2125,0.3875,36.230661
1,1.7,1.375,0.525,49.45570275
0,1.1125,0.925,0.3125,14.5999925
1,1.3375,1.05,0.375,20.87940675
1,1.4,1.075,0.375,24.79163775
1,1.875,1.375,0.4875,51.95045875
1,1.7,1.275,0.5,45.57182125
0,1.5,1.125,0.375,24.56484175
1,1.85,1.4125,0.5125,60.0725905
0,1.55,1.175,0.3625,30.80173175
0,1.3375,1.0375,0.3375,22.11261
1,1.6,1.25,0.375,30.34813975
0,1.225,0.9875,0.35,15.5638755
1,1.275,1.0,0.325,16.25843825
1,1.4,1.1,0.3875,27.51318975
0,1.3375,1.05,0.375,19.83047525
0,1.25,1.0,0.3125,19.06503875
0,1.2625,0.95,0.325,18.597272
0,1.6125,1.2125,0.5375,42.921143
0,1.4125,1.1125,0.3625,26.23746225
0,1.4125,1.125,0.3875,30.03629525
1,1.575,1.2875,0.4,37.874932
1,1.325,1.0625,0.325,20.3265915
0,1.6375,1.3,0.425,32.44600275
1,1.625,1.2625,0.4375,34.23202125
0,1.1875,0.925,0.3125,15.2236815
1,1.5,1.1625,0.3875,29.48348
1,1.45,1.1875,0.4125,29.44095575
0,1.4125,1.1625,0.375,31.99241075
0,1.5125,1.1875,0.35,31.68056625
1,1.5125,1.2875,0.425,36.5425055
1,1.275,0.95,0.325,16.556108
1,1.4625,1.125,0.425,24.62154075
0,1.5125,1.225,0.3875,32.6869735
1,1.2125,0.9125,0.3,16.68368075
0,1.425,1.1875,0.4875,29.18581025
0,1.45,1.175,0.4125,29.5118295
1,1.1,0.85,0.3375,11.26892625
1,1.6125,1.3125,0.5,41.0784255
1,1.375,1.075,0.35,23.81358
1,1.1875,0.9,0.3,16.76872925
0,1.3375,1.0125,0.35,23.189891
0,1.625,1.3125,0.4625,42.184056
1,1.6375,1.15,0.4,42.354153
1,0.9375,0.7375,0.275,8.51902475
1,1.45,1.125,0.425,27.51318975
0,1.475,1.125,0.3875,24.777463
0,0.925,0.725,0.225,6.8322295
1,1.775,1.4375,0.4375,44.0834725
0,1.2375,0.95,0.3,13.437663
0,1.5,1.2125,0.4375,35.93299125
0,1.1625,0.875,0.3,14.75591475
1,1.675,1.35,0.4125,42.56677425
1,1.525,1.1625,0.4,30.40483875
1,1.75,1.3125,0.475,46.67745175
0,1.3,0.9625,0.2875,18.9658155
1,1.4,1.1,0.35,26.32251075
0,1.3375,1.025,0.375,22.97726975
0,1.3875,1.05,0.3625,24.64989025
0,1.45,1.075,0.325,22.622901
0,1.675,1.375,0.425,35.3518265
0,1.5125,1.1875,0.4,45.812792
0,1.375,1.0875,0.4,25.684647
0,1.5125,1.1875,0.475,31.90736225
0,1.3375,1.05,0.325,22.83552225
0,1.6125,1.25,0.4,39.16483425
0,1.45,1.1375,0.375,31.581343
0,1.3375,1.0875,0.375,20.5533875
0,1.675,1.35,0.4375,42.013959
0,1.3125,1.0125,0.4,22.452804
1,1.4875,1.1625,0.3625,31.3828965
1,1.55,1.3,0.5625,33.55163325
0,1.25,0.9375,0.325,20.4399895
1,1.6625,1.3,0.4125,47.86813075
0,1.5125,1.175,0.45,32.33260475
0,1.675,1.275,0.4375,43.27551175
0,1.3875,1.125,0.3625,25.9397925
0,1.4625,1.1375,0.35,27.499015
1,1.6375,1.225,0.4,34.132798
0,1.375,1.0625,0.4,27.499015
0,1.4375,1.1,0.4625,29.0582375
1,1.6375,1.325,0.4125,36.38658325
0,1.3375,1.05,0.3125,20.921931
1,1.6375,1.2875,0.45,40.029494
0,1.175,0.925,0.325,14.81261375
1,1.375,1.0625,0.3375,24.13959925
1,1.425,1.075,0.4,22.9914445
0,1.425,1.125,0.4,24.42309425
0,1.575,1.1375,0.375,32.07745925
0,1.325,1.075,0.3375,24.9192105
0,1.5125,1.175,0.4,33.26813825
1,1.3625,1.075,0.35,23.586784
0,1.125,0.8375,0.35,13.11164375
0,1.3125,1.075,0.4125,24.50814275
0,1.4,1.025,0.4125,26.365035
1,1.7375,1.3375,0.4375,38.5836695
0,0.9625,0.7125,0.2625,8.23552975
0,1.3875,1.0125,0.475,39.859397
1,1.5,1.2,0.4125,32.16250775
0,1.55,1.1875,0.4875,38.51279575
1,1.4875,1.1875,0.4,32.33260475
0,1.3375,1.075,0.3875,22.24018275
1,1.725,1.4,0.5375,48.7327905
0,1.7375,1.35,0.4875,47.9390045
1,1.475,1.1625,0.375,28.2644515
0,1.5625,1.2125,0.4,34.40211825
0,1.5375,1.1875,0.3875,30.43318825
1,1.7125,1.3625,0.45,50.121916
0,1.25,1.05,0.3375,19.17843675
1,1.45,1.1,0.45,24.210473
1,1.4625,1.1875,0.4625,27.17299575
0,1.525,1.1875,0.4125,31.638042
1,1.3125,1.05,0.4,21.432222
0,1.2625,0.9625,0.375,18.18620425
1,1.3375,1.15,0.3625,22.32523125
0,0.875,0.6625,0.225,6.42116175
0,1.6125,1.275,0.475,42.14153175
1,1.375,1.0875,0.425,25.060958
1,1.275,0.975,0.3375,17.95940825
1,1.5,1.1875,0.425,30.844256
0,1.675,1.3125,0.425,39.70347475
0,0.8875,0.6625,0.2125,5.6982495
0,1.15,0.9,0.3125,15.5071765
1,1.6125,1.2875,0.375,34.359594
1,1.45,1.1375,0.3,30.43318825
1,1.6375,1.2875,0.3875,37.1094955
0,1.425,1.1375,0.375,26.988724
0,1.675,1.3125,0.45,42.28327925
0,1.5875,1.275,0.3875,32.772022
1,1.1875,0.9125,0.325,13.62193475
0,1.5875,1.2375,0.3875,38.65454325
1,1.5875,1.25,0.475,36.570855
1,1.375,1.175,0.375,25.4295015
0,1.45,1.175,0.4125,28.27862625
0,1.5875,1.2875,0.4,34.23202125
1,1.45,1.1875,0.3375,26.2232875
0,1.7625,1.4,0.55,56.1603595
0,1.3125,0.9875,0.4125,22.169309
1,1.1625,0.875,0.325,14.004653
1,1.4625,1.1375,0.325,24.81998725
1,1.45,1.125,0.4875,23.43086175
0,1.125,0.8375,0.3125,12.68640125
0,1.125,0.825,0.2625,14.04717725
1,1.5375,1.2875,0.425,32.31843
1,1.4125,1.1,0.375,24.4656185
1,1.6625,1.2875,0.4625,38.00250475
0,1.4125,1.1125,0.375,22.566202
1,1.4125,1.0,0.325,19.77377625
0,1.3,1.0625,0.3125,22.396105
0,1.1375,0.875,0.275,12.984071
1,1.8125,1.5,0.5,49.2430815
0,1.375,1.075,0.4,26.35086025
1,1.225,0.9375,0.3375,17.36406875
1,1.425,1.1625,0.45,36.7126025
0,1.675,1.3625,0.5,48.26502375
0,1.6,1.4375,0.4375,41.34774575
0,1.375,1.125,0.3875,22.38193025
1,1.5875,1.25,0.45,37.194544
1,1.125,0.9,0.275,12.6722265
0,1.6375,1.3125,0.4,41.39027
0,1.2375,1.0,0.3875,22.92057075
0,1.7,1.35,0.475,46.0112385
0,1.6125,1.225,0.4375,37.42134
1,1.5625,1.225,0.475,48.23667425
0,1.075,0.775,0.325,18.38465075
1,1.5625,1.2375,0.4,31.51046925
1,1.35,1.1875,0.3875,34.5013415
1,1.2,0.95,0.3,17.236496
0,1.475,1.175,0.3625,26.18076325
0,0.9625,0.75,0.2375,6.80388
0,1.675,1.3,0.475,46.45065575
1,1.4125,1.1125,0.3125,23.54425975
1,1.3625,1.1,0.375,26.86115125
1,1.175,0.9,0.3625,15.2236815
1,1.2875,0.9875,0.3375,14.628342
0,1.35,1.025,0.325,15.87572
1,1.7625,1.425,0.4625,49.9234695
0,1.625,1.3,0.475,38.11590275
1,1.4125,1.1,0.375,27.8675585
1,1.45,1.0625,0.375,23.926978
1,1.15,0.9125,0.3125,13.56523575
0,1.35,1.05,0.3375,22.89222125
0,1.6125,1.25,0.4375,36.457457
0,1.4,1.0625,0.3375,26.69105425
1,1.5625,1.2875,0.3875,32.98464325
0,1.8625,1.4375,0.5,53.410458
0,1.25,0.9625,0.3625,21.58814425
1,1.125,0.8125,0.3375,12.417081
1,1.7875,1.4125,0.45,50.745605
0,1.4875,1.125,0.35,23.756881
0,1.75,1.375,0.5,43.1762885
0,1.3625,1.125,0.375,22.12678475
0,1.6125,1.2125,0.375,34.62891425
0,1.2875,0.9625,0.275,16.40018575
0,1.6375,1.3125,0.45,39.745999
0,1.5,1.1625,0.3875,28.81726675
1,1.6375,1.2875,0.5,42.354153
0,1.6625,1.3125,0.4,38.6403685
0,1.3125,1.0,0.3875,20.0430965
0,1.4375,1.125,0.4125,26.12406425
0,1.25,0.975,0.3375,18.69649525
1,1.475,1.1375,0.4125,32.9137695
1,1.6,1.2625,0.475,36.18813675
1,1.525,1.225,0.425,32.2333815
1,1.8125,1.4,0.4625,50.802304
1,1.35,1.1875,0.3875,26.308336
1,1.4875,1.1375,0.35,25.911443
0,1.625,1.275,0.3875,39.8877465
0,1.1375,0.85,0.3375,13.097469
0,1.1625,0.875,0.35,16.31513725
1,1.625,1.2375,0.4375,34.7848365
1,1.65,1.3,0.5,47.513762
1,1.45,1.15,0.375,31.62386725
1,1.4375,1.125,0.3375,23.48756075
0,1.5125,1.225,0.45,34.7848365
0,1.7125,1.2625,0.475,43.4597835
1,1.1,0.85,0.35,13.664459
1,1.2625,0.9625,0.3375,17.53416575
1,1.0125,0.8125,0.275,10.13494625
0,1.275,0.975,0.3125,18.61144675
0,1.575,1.2625,0.425,30.94347925
0,1.5625,1.1625,0.35,33.8776525
0,1.05,0.8625,0.2625,12.190285
1,1.2625,1.0125,0.4,19.37688325
0,1.25,0.975,0.325,20.0997955
0,1.5,1.25,0.4,28.7747425
0,1.5875,1.2,0.475,41.5887165
1,1.675,1.3625,0.4,43.70075425
0,1.525,1.2125,0.425,36.3157095
1,1.15,1.0625,0.3875,21.148727
1,0.9625,0.7625,0.3125,8.901743
1,1.5875,1.2375,0.4375,34.3312445
1,1.425,1.1,0.3125,24.5223175
0,1.275,1.0,0.35,18.46969925
0,1.05,0.85,0.2875,11.94931425
0,0.975,0.75,0.225,8.66077225
0,1.45,1.1,0.4,23.51591025
0,1.2125,0.975,0.3,16.9813505
0,1.425,1.1125,0.4,28.76056775
1,1.35,1.05,0.325,21.27629975
0,1.5625,1.25,0.4875,38.8104655
0,1.4875,1.1625,0.375,26.0531905
1,1.5,1.2,0.375,29.1716355
1,1.6125,1.375,0.4375,36.61337925
0,1.6125,1.275,0.4875,34.756487
0,1.3875,1.0875,0.35,21.24795025
0,1.275,1.0,0.35,19.57532975
1,1.4875,1.1875,0.425,35.3518265
0,1.45,1.1875,0.375,27.499015
0,1.4125,1.1375,0.4625,26.26581175
1,1.125,0.8625,0.2875,14.061352
0,1.2875,0.875,0.3875,26.15241375
0,1.0375,0.8625,0.3375,10.95708175
1,1.5,1.175,0.375,26.138239
0,1.2375,0.9625,0.3375,20.0997955
1,1.775,1.4125,0.4875,48.94541175
0,1.6125,1.2875,0.4,33.57998275
1,1.5375,1.25,0.4125,33.35318675
0,1.075,0.875,0.275,11.509897
0,1.7,1.3625,0.4625,47.400364
0,1.0,0.75,0.3125,11.8217415
0,1.35,1.0625,0.3,23.1615415
1,1.6375,1.25,0.5125,43.318036
1,1.55,1.275,0.375,41.276872
0,1.0375,0.75,0.25,9.51125725
1,1.25,0.95,0.35,18.01610725
0,1.425,1.125,0.35,22.5378525
0,1.2125,0.975,0.3375,17.4916415
1,1.45,1.15,0.45,29.80949925
1,1.5625,1.3,0.45,38.385223
1,1.275,1.0,0.35,23.09066775
0,1.2125,0.8875,0.3,15.5071765
0,1.475,1.25,0.5,33.6508565
0,1.0125,0.7625,0.2125,7.38504475
0,1.4875,1.2125,0.375,30.71668325
1,1.3625,1.1,0.3375,26.03901575
0,1.6375,1.325,0.4375,35.81959325
0,1.3,0.975,0.3,18.24290325
1,1.625,1.225,0.3875,31.808139
0,1.05,0.8125,0.2875,8.17883075
0,1.4,1.125,0.3875,25.86891875
0,1.5125,1.1375,0.4,31.28367325
1,1.775,1.325,0.4875,53.14113775
1,1.2625,0.9375,0.2875,16.71203025
0,1.625,1.2625,0.425,44.21104525
0,1.625,1.3,0.3875,38.782116
0,1.3875,1.1,0.3625,24.097075
1,1.175,0.875,0.2875,13.8062065
0,1.15,0.9375,0.3375,13.99047825
0,1.2875,1.0,0.3125,27.0737725
0,1.675,1.3125,0.4125,45.60017075
1,1.3,1.0375,0.3625,22.80717275
0,1.0625,0.85,0.3,10.999606
1,1.675,1.2625,0.4375,28.76056775
1,1.55,1.2,0.4,31.53881875
0,1.6,1.2125,0.375,31.127751
0,1.575,1.2125,0.4,35.2384285
1,1.4875,1.0875,0.375,25.51455
0,1.65,1.3375,0.5,50.7739545
0,1.4875,1.125,0.3625,27.1871705
0,1.625,1.2875,0.4375,41.560367
0,1.45,1.1375,0.425,26.365035
0,1.4,1.125,0.4625,30.333965
0,1.4625,1.125,0.375,29.6819265
0,1.7875,1.4125,0.4375,55.35239875
0,1.625,1.2875,0.3125,33.46658475
0,1.3125,1.0125,0.3375,21.47474625
0,1.0625,0.8125,0.3,10.64523725
1,1.3125,1.0625,0.4,23.68600725
1,1.125,0.9,0.3125,14.35902175
0,1.325,1.0625,0.3875,22.41027975
0,1.6125,1.2875,0.4375,45.68521925
0,1.6125,1.2375,0.4625,42.33997825
0,1.475,1.1,0.375,24.73493875
0,1.2375,0.9875,0.3125,15.35125425
0,1.5625,1.2625,0.4625,32.78619675
0,1.6375,1.45,0.5125,58.98113475
0,1.6125,1.225,0.4,35.4652245
0,1.6,1.225,0.3875,31.99241075
0,1.6,1.2875,0.2,29.540179
0,1.3875,1.15,0.4,24.38057
0,1.6375,1.225,0.4375,38.51279575
1,1.5375,1.1875,0.3625,27.00289875
0,1.025,0.8125,0.25,10.07824725
1,1.5375,1.1875,0.4375,33.849303
1,1.4125,1.125,0.4875,28.44872325
1,1.25,0.9625,0.2875,19.23513575
0,1.6,1.2875,0.45,35.3518265
1,1.3,0.9375,0.3375,15.23785625
1,1.5875,1.2625,0.3875,36.55668025
0,1.425,1.15,0.35,27.03124825
0,1.525,1.175,0.375,32.95629375
0,1.625,1.275,0.4375,37.32211675
1,1.5625,1.2125,0.5,39.12231
1,1.5875,1.25,0.375,39.008912
1,1.5625,1.25,0.4125,36.514156
0,0.9875,0.7,0.2,7.540967
0,1.775,1.375,0.5,53.99162275
0,1.125,0.8875,0.3,11.21222725
0,1.575,1.225,0.3875,34.8415355
1,1.2625,0.9625,0.2875,17.463292
0,1.5,1.15,0.3875,18.86659225
1,1.5,1.1875,0.3875,30.0221205
1,1.425,1.1375,0.375,31.3828965
1,1.775,1.425,0.4875,56.14618475
1,1.325,1.0375,0.2875,16.76872925
1,1.1875,0.9375,0.3125,16.40018575
1,1.6375,1.275,0.3875,36.55668025
0,1.125,0.875,0.325,13.04077
1,1.325,0.9875,0.2875,16.11669075
0,1.675,1.3,0.4125,39.405805
1,1.5625,1.225,0.3875,37.704835
0,1.6125,1.275,0.475,41.80133775
0,1.4375,1.125,0.3875,27.68328675
0,1.5125,1.1875,0.4375,34.0477495
0,1.55,1.2125,0.3875,29.7386255
1,1.5625,1.1125,0.4,30.900955
0,1.2125,1.0,0.3375,18.7957185
0,1.6625,1.35,0.4375,38.1867765
0,1.45,1.15,0.3875,29.29920825
1,1.625,1.3125,0.475,39.2640575
1,1.4375,1.175,0.3875,31.638042
1,1.425,1.1375,0.4125,30.03629525
0,1.5875,1.1875,0.425,33.83512825
1,1.1125,0.8375,0.35,12.94154675
0,1.6875,1.2875,0.3625,35.8621175
0,1.3125,0.9875,0.325,21.64484325
0,1.25,0.95,0.3,16.34348675
0,1.675,1.275,0.5,45.20327775
1,1.4,1.1125,0.3875,34.699788
1,1.4625,1.05,0.3875,27.91008275
1,1.8,1.4,0.4375,48.94541175
0,1.2375,1.0375,0.4125,21.21960075
0,1.2875,1.1375,0.3375,20.48251375
1,1.3875,1.0875,0.4125,27.499015
1,1.5125,1.2375,0.425,30.94347925
0,1.525,1.2125,0.4375,35.28095275
0,1.2625,0.9625,0.275,18.5689225
0,1.7375,1.325,0.375,41.8722115
0,1.65,1.2875,0.5,46.67745175
1,1.2,0.95,0.3625,16.726205
1,1.5625,1.225,0.5,39.19318375
1,1.65,1.4125,0.4875,49.90929475
1,0.95,0.7625,0.2625,7.9662095
0,1.575,1.2125,0.3625,30.107169
1,1.7875,1.3125,0.4625,44.22522
0,1.575,1.2625,0.4125,35.72037
1,1.4375,1.15,0.375,26.2799865
0,1.425,1.1,0.3625,24.99008425
1,1.45,1.125,0.3875,26.365035
1,1.2625,0.975,0.4,18.257078
0,1.5,1.1375,0.425,33.77842925
1,0.95,0.8,0.2875,18.35630125
0,1.7625,1.4,0.4125,47.4854125
1,1.5,1.25,0.4,31.808139
1,1.4875,1.2375,0.4625,36.4291075
0,1.2,0.925,0.325,18.2287285
0,1.65,1.3,0.475,44.168521
0,1.4875,1.1625,0.4375,31.6096925
0,0.9625,0.775,0.25,8.06543275
0,1.525,1.1875,0.425,29.10076175
1,1.4,1.025,0.4,23.28911425
0,1.5375,1.1875,0.4375,31.2694985
0,1.6375,1.3125,0.4625,35.6920205
1,1.6,1.2625,0.4125,34.68561325
0,1.5625,1.2375,0.3875,33.3673615
0,1.375,1.0125,0.35,22.75047375
1,0.95,0.725,0.2625,7.2858215
0,1.3125,1.0125,0.3,21.41804725
1,1.8,1.375,0.4875,58.7685135
1,1.8,1.3125,0.45,40.9650275
1,1.375,1.0125,0.3125,18.4555245
0,1.175,0.9375,0.2875,12.09106175
1,1.6125,1.25,0.3875,34.60056475
0,1.425,1.0875,0.3125,25.41532675
0,1.8375,1.4625,0.4625,60.214338
0,1.55,1.225,0.3875,31.18445
1,1.125,0.9125,0.2875,16.68368075
1,1.3375,1.0,0.3375,23.28911425
0,0.95,0.675,0.2375,6.2085405
0,1.625,1.2875,0.45,41.4753185
1,1.6375,1.275,0.375,29.5685285
1,1.65,1.25,0.3875,39.02308675
0,1.7375,1.425,0.575,53.4388075
0,1.375,1.0375,0.4375,29.540179
0,1.5125,1.225,0.4125,31.87901275
0,1.0,0.7625,0.2125,8.4198015
0,1.45,1.15,0.45,32.4601775
1,1.0,0.75,0.2875,8.57572375
1,1.25,0.9875,0.375,20.25571775
1,1.5625,1.225,0.3625,26.08154
0,1.2375,1.0,0.3,18.72484475
0,1.35,1.05,0.3875,20.93610575
0,1.0625,0.825,0.325,12.48795475
0,1.025,0.8125,0.3,10.61688775
0,1.3625,1.05,0.3,22.29688175
0,1.5625,1.2,0.4625,34.20367175
0,1.375,1.075,0.325,23.79940525
0,1.4125,1.0875,0.4625,29.256684
1,1.2125,0.975,0.25,15.77649675
0,1.425,1.0875,0.425,24.7491135
1,1.325,1.1,0.3375,22.21183325
0,1.475,1.1375,0.3875,25.10348225
1,1.575,1.25,0.425,37.23706825
1,1.8,1.4375,0.5375,59.53395
0,1.2875,1.0625,0.3625,26.54930675
1,1.5125,1.2625,0.45,40.653183
0,1.6125,1.325,0.4875,39.405805
1,0.9,0.6625,0.225,5.85417175
1,1.4125,1.125,0.3625,24.08290025
0,1.3625,1.1,0.3,24.28134675
0,1.4125,1.0625,0.4,26.71940375
0,1.675,1.35,0.4875,34.5013415
0,0.8625,0.675,0.2375,5.5848515
0,1.175,0.9375,0.325,16.42853525
0,1.3,1.0,0.3125,15.8473705
0,1.525,1.175,0.4375,34.416293
0,1.5375,1.2,0.4625,34.60056475
0,1.5,1.15,0.375,35.3518265
0,1.5,1.1375,0.3875,26.7902775
1,1.625,1.2625,0.4125,38.4702715
1,1.0625,0.825,0.2875,11.509897
1,1.625,1.2375,0.4,37.15201975
1,1.25,0.9375,0.35,17.123098
1,1.625,1.25,0.4125,32.44600275
0,1.4875,1.1875,0.4125,34.3879435
1,1.4375,1.2125,0.4125,29.49765475
0,1.2625,1.0,0.3875,23.85610425
0,1.475,1.1875,0.4,26.80445225
0,1.525,1.1875,0.4375,29.029888
1,1.5625,1.225,0.4125,31.9498865
1,1.65,1.25,0.4125,33.75007975
1,1.375,1.025,0.3625,23.48756075
1,1.125,0.875,0.3625,15.37960375
1,1.3625,1.0875,0.375,19.43358225
1,1.2625,1.0,0.4125,20.6667855
0,1.2875,0.975,0.35,19.220961
0,1.6,1.4125,0.575,43.1195895
1,1.65,1.3375,0.4375,43.02036625
0,1.5875,1.2375,0.4875,33.225614
1,1.6,1.25,0.425,31.75144
1,1.5,1.1875,0.3875,34.302895
0,1.5125,1.1875,0.3625,25.060958
0,1.425,1.125,0.3625,26.932025
0,1.45,1.1375,0.375,28.689694
1,1.7375,1.4125,0.475,49.99434325
0,1.225,0.975,0.35,20.0430965
1,1.75,1.35,0.5375,56.075311
1,1.5125,1.2125,0.4125,26.97454925
1,1.7,1.2875,0.4375,45.88366575
1,1.2875,1.0875,0.425,17.8885345
0,1.525,1.25,0.4125,36.04638925
1,1.55,1.1875,0.4375,28.81726675
1,1.3625,1.0375,0.4,21.87163925
1,1.0875,0.9875,0.2625,10.30504325
1,1.2625,1.025,0.3375,18.6256215
1,1.4625,1.1625,0.3625,27.93843225
0,1.6,1.3125,0.5,39.02308675
0,1.0375,0.7625,0.25,9.2135875
1,1.5,1.2,0.425,29.937072
1,1.425,1.1625,0.3875,27.45649075
1,1.5375,1.1875,0.425,29.9087225
1,1.525,1.1875,0.4,31.62386725
1,1.7,1.2625,0.425,38.08755325
1,1.3375,1.0,0.375,22.80717275
0,1.675,1.3125,0.4875,40.83745475
0,1.2625,1.0,0.325,21.659018
1,1.6,1.2125,0.4625,40.24211525
1,1.3,1.0,0.325,17.70426275
1,1.525,1.2375,0.4625,32.6869735
1,1.6875,1.375,0.475,43.9700745
0,1.75,1.325,0.475,37.37881575
1,1.3625,1.05,0.4375,21.375523
1,1.6375,1.275,0.4375,40.1145425
0,1.6375,1.35,0.4125,39.7743485
1,1.425,1.175,0.35,24.6924145
0,1.3875,1.1,0.375,23.756881
0,1.5,1.15,0.425,33.46658475
0,1.3,1.0625,0.3875,21.92833825
1,1.5125,1.175,0.3875,27.612413
0,1.525,0.9125,0.3875,30.51823675
1,1.625,1.3125,0.4125,35.096681
1,1.525,1.175,0.4,28.8314415
1,1.6125,1.3,0.525,44.04094825
0,1.5,1.2375,0.4625,31.59551775
1,0.875,0.6625,0.225,5.25883225
0,1.6375,1.325,0.4875,39.349106
1,1.375,1.125,0.375,24.8058125
0,1.575,1.2875,0.3875,35.6920205
1,1.5125,1.2125,0.4125,30.43318825
1,1.175,0.9375,0.3125,15.91824425
0,1.55,1.2375,0.4875,42.93531775
1,1.6125,1.3375,0.475,35.13920525
1,1.65,1.2375,0.525,43.885026
1,1.475,1.1375,0.375,27.669112
1,1.3875,1.075,0.3375,23.019794
1,1.675,1.4625,0.4,37.1094955
0,1.1,0.8875,0.3125,13.53688625
0,1.6,1.275,0.4375,38.782116
0,1.4875,1.0875,0.4,29.9654215
0,1.3875,1.075,0.4125,21.47474625
1,1.425,1.1125,0.375,28.2077525
0,1.475,1.175,0.3375,33.12639075
0,1.6125,1.3,0.4375,46.379782
0,1.55,1.2875,0.4375,34.6147395
0,1.35,1.0125,0.3875,27.54153925
0,1.475,1.1375,0.3625,30.4190135
0,1.575,1.175,0.3625,31.19862475
1,1.7625,1.3875,0.4875,49.68249875
1,1.4375,1.2,0.4125,30.560761
1,1.8,1.375,0.45,43.09124
0,1.65,1.275,0.4125,46.42230625
0,1.25,1.0,0.325,21.87163925
0,1.375,1.05,0.425,23.99785175
1,1.4625,1.15,0.375,28.44872325
0,1.3625,1.075,0.3875,22.77882325
0,1.55,1.2625,0.4625,43.30386125
1,1.5875,1.2125,0.475,39.02308675
0,1.025,0.7875,0.2375,8.674947
0,1.2625,1.0,0.375,21.9708625
0,1.4375,1.1125,0.3625,24.834162
1,1.2375,0.95,0.3,16.2442635
0,1.4375,1.1875,0.3625,24.2955215
0,1.25,1.025,0.375,18.767369
0,1.35,1.0875,0.35,20.82270775
1,1.525,1.2375,0.4125,30.71668325
0,1.65,1.2125,0.3875,34.79901125
1,1.6,1.275,0.5,39.41997975
0,1.4,1.0375,0.3625,24.153774
1,1.525,1.125,0.4,32.205032
1,1.3,1.0125,0.35,19.60367925
1,1.6125,1.3,0.475,37.15201975
1,1.525,1.2375,0.4625,31.42542075
0,0.9375,0.75,0.25,6.98815175
0,1.5625,1.175,0.425,33.06969175
1,1.525,1.175,0.4125,33.40988575
0,1.525,1.1875,0.375,32.375129
0,1.5125,1.25,0.4375,31.127751
0,1.7875,1.3,0.45,45.3592
1,1.7375,1.3375,0.4375,52.12055575
0,1.375,1.1,0.4,28.0943545
0,1.2625,1.0,0.3375,20.4966885
1,1.525,1.175,0.3625,32.6869735
0,1.75,1.375,0.4875,46.05376275
0,1.4375,1.125,0.3875,25.117657
0,1.65,1.2875,0.4125,41.00755175
1,1.5625,1.2125,0.4375,38.96638775
0,1.325,1.0625,0.275,20.9502805
1,1.5125,1.1375,0.3625,27.71163625
0,0.9375,0.7125,0.2375,7.1724235
0,1.525,1.175,0.4,28.973189
1,1.775,1.3625,0.4375,54.0624965
1,1.25,0.9375,0.2875,16.85377775
0,1.25,0.95,0.3875,18.71067
0,1.4875,1.1625,0.3125,22.6512505
0,1.4625,1.1625,0.4,27.08794725
0,1.325,1.025,0.35,21.38969775
1,1.45,1.0875,0.3875,24.90503575
1,1.575,1.25,0.4625,39.2073585
0,1.5,1.2375,0.4375,36.86852475
0,1.525,1.2,0.4125,35.25260325
0,1.525,1.175,0.3875,29.27085875
1,1.5875,1.2375,0.4375,35.02580725
0,1.4375,1.1,0.4,27.25804425
0,1.3375,1.05,0.4,21.16290175
1,1.325,1.0125,0.375,25.2027055
1,1.525,1.075,0.35,25.7696955
0,1.1625,0.9,0.2875,16.42853525
0,1.1875,0.9375,0.325,14.67086625
0,1.4375,1.1125,0.4,23.7852305
1,1.25,1.0,0.3625,17.860185
0,1.55,1.2,0.375,35.890467
0,1.6,1.3125,0.45,37.23706825
0,1.5625,1.1875,0.4375,38.00250475
0,1.5375,1.175,0.4375,35.210079
0,1.175,0.9,0.3375,14.2030995
0,1.525,1.2,0.4125,35.266778
0,1.1625,0.9,0.3125,12.37455675
0,1.25,1.0,0.3125,16.93882625
0,1.8,1.4125,0.5,50.6605565
1,1.75,1.4375,0.5,49.22890675
1,1.075,0.8125,0.3,12.6155275
1,1.6375,1.275,0.4375,46.84754875
0,1.5875,1.2875,0.425,36.1456125
1,1.65,1.3125,0.5,41.4753185
1,1.325,0.9625,0.3125,18.97999025
0,1.45,1.1375,0.4875,52.7017205
1,1.625,1.2875,0.4875,39.70347475
0,1.625,1.3,0.4375,35.87629225
0,1.8625,1.4125,0.5375,54.7428845
0,1.4125,1.125,0.4,25.3728025
0,1.4375,1.1375,0.3625,33.0271675
1,1.625,1.275,0.425,44.4236665
1,1.2875,0.975,0.325,16.31513725
0,1.45,1.15,0.375,28.81726675
1,1.2625,0.975,0.2875,18.71067
0,1.6625,1.3,0.4375,38.90968875
0,1.7875,1.3625,0.45,49.34230475
1,1.375,1.1625,0.45,34.37376875
0,1.1875,0.925,0.3125,14.44407025
1,1.4125,1.1375,0.4375,28.7180435
0,1.5625,1.25,0.4375,29.95124675
1,1.5875,1.225,0.3875,32.4601775
1,1.8,1.4125,0.425,45.7277435
0,1.2,0.9875,0.375,19.32018425
0,1.375,1.125,0.325,26.08154
1,1.375,1.1625,0.375,30.674159
0,1.2375,0.95,0.3375,17.84601025
0,1.3125,1.0,0.325,23.51591025
0,1.55,1.275,0.4375,36.32988425
0,1.6125,1.2,0.375,33.792604
1,1.3125,1.075,0.3125,23.0481435
1,1.0875,0.875,0.2625,11.89261525
1,1.7,1.3,0.4625,42.354153
1,1.4625,1.1625,0.35,25.741346
1,1.575,1.275,0.4625,35.0116325
0,1.5875,1.2875,0.4125,34.8415355
1,1.1875,0.975,0.3,15.03940975
0,1.075,0.8375,0.2875,11.509897
0,1.55,1.1625,0.4625,36.117263
0,1.4125,1.1,0.4625,25.7696955
1,1.475,1.1625,0.4,31.19862475
1,1.1125,0.8125,0.3125,12.8990225
1,1.3625,1.025,0.3125,18.540573
0,1.475,1.225,0.3375,28.576296
1,1.125,0.95,0.4125,23.14736675
1,1.4875,1.075,0.525,43.21881275
1,1.5375,1.2,0.4125,32.92794425
1,1.35,1.0875,0.4375,25.287754
0,1.4375,1.175,0.4625,27.9242575
1,1.3875,1.0625,0.35,22.339406
0,1.6125,1.2625,0.4125,37.0527965
0,1.675,1.2625,0.4,35.67784575
0,1.5,1.275,0.4625,36.4291075
0,1.45,1.1625,0.4375,29.3417325
0,1.65,1.3375,0.475,45.08987975
1,1.45,1.1125,0.3625,25.174356
1,1.1375,0.925,0.2625,13.96212875
0,1.4375,1.125,0.3375,26.12406425
0,1.3375,1.0875,0.3875,25.27357925
1,1.75,1.3125,0.475,45.40172425
0,1.4,1.05,0.375,24.81998725
1,1.6875,1.3375,0.4,39.972795
1,1.65,1.325,0.425,37.591437
0,1.475,1.1625,0.3875,32.205032
1,1.45,1.25,0.4125,26.2232875
0,1.55,1.125,0.5,24.323871
1,1.6,1.25,0.425,35.84794275
0,1.275,1.0375,0.35,23.20406575
0,1.45,1.1375,0.3375,22.55202725
0,1.65,1.3125,0.45,41.900561
1,1.7125,1.35,0.5375,48.26502375
1,1.5,1.2625,0.475,32.0065855
0,1.625,1.2125,0.35,33.3106625
0,1.725,1.3125,0.5,50.53298375
0,1.7375,1.45,0.5,53.84987525
0,1.575,1.325,0.45,36.27318525
0,1.225,0.975,0.375,16.2442635
1,1.5,1.25,0.3875,37.761534
0,1.5625,1.175,0.4375,33.4240605
1,1.375,1.0625,0.35,26.988724
0,1.025,0.8375,0.2875,12.48795475
1,1.5625,1.05,0.4125,30.03629525
1,1.65,1.2625,0.4625,43.318036
1,1.575,1.2,0.4,33.9910505
0,0.95,0.7125,0.25,7.55514175
0,1.5375,1.1875,0.475,40.63900825
0,1.275,1.0125,0.325,20.34076625
0,1.1375,0.9375,0.3125,13.721158
1,1.2625,1.0,0.3125,16.5277585
0,1.1875,0.9375,0.3,15.9607685
0,1.6125,1.25,0.475,44.21104525
0,1.3625,1.05,0.3625,22.055911
0,1.4125,1.1,0.4375,25.58542375
1,1.2625,0.95,0.3375,19.43358225
0,1.275,1.025,0.3875,36.35823375
1,1.725,1.35,0.3875,41.220173
1,1.45,1.125,0.4625,28.22192725
1,1.4375,1.1125,0.35,26.6768795
0,1.6,1.225,0.35,33.849303
1,1.3,1.0625,0.3625,19.84465
0,1.6125,1.2625,0.375,32.89959475
0,1.6,1.2625,0.3875,33.89182725
1,1.7,1.375,0.4375,41.7588135
0,1.2625,0.9875,0.3375,16.76872925
1,1.625,1.275,0.3875,33.7075555
0,1.3125,1.0875,0.3875,30.1922175
0,1.375,1.1,0.3875,25.95396725
0,1.325,1.025,0.35,19.3060095
0,1.1375,0.875,0.2625,11.3681495
1,1.5875,1.3125,0.45,38.82464025
1,1.5125,1.2125,0.4,34.0477495
1,1.1625,0.95,0.3375,16.4143605
0,1.125,0.8375,0.35,13.551061
0,1.5625,1.2375,0.3875,29.72445075
1,1.125,0.875,0.3125,12.57300325
1,1.65,1.325,0.4625,38.158427
1,1.325,1.025,0.3625,23.40251225
0,1.7125,1.325,0.425,44.22522
1,1.525,1.25,0.45,40.766581
1,1.2625,0.9375,0.45,16.102516
0,1.5375,1.2,0.45,32.87124525
1,1.5625,1.2125,0.4,35.550273
1,1.6875,1.325,0.4875,42.48172575
0,1.775,1.4,0.4375,48.874538
0,1.3375,1.025,0.3375,24.437269
1,1.425,1.1625,0.4,25.33027825
1,1.65,1.3125,0.5125,38.73959175
1,1.725,1.3125,0.475,42.297454
1,1.4625,1.1625,0.4125,26.52095725
1,1.4375,1.175,0.4125,24.6357155
1,1.45,1.1,0.4375,30.4190135
0,1.1125,0.875,0.35,16.74037975
1,1.7625,1.425,0.45,43.50230775
0,1.475,1.175,0.45,31.85066325
0,1.625,1.2125,0.4,49.31395525
1,1.4375,1.15,0.4125,30.1922175
0,1.6375,1.275,0.5375,50.56133325
0,1.3625,0.975,0.3375,22.21183325
0,1.3375,1.0875,0.35,24.777463
0,1.6375,1.2625,0.4125,36.003865
0,1.4125,1.1375,0.375,27.20134525
1,1.475,1.1125,0.325,32.10580875
1,1.35,1.05,0.3625,24.53649225
0,1.225,0.9875,0.3,19.107563
1,1.55,1.275,0.45,37.74735925
0,0.875,0.6625,0.225,5.03203625
1,1.4625,1.1125,0.35,25.8830935
1,1.3125,1.0125,0.4,18.653971
0,1.275,1.0125,0.375,19.94387325
1,1.5125,1.25,0.4625,31.70891575
0,1.5875,1.3125,0.4,33.8776525
1,1.2875,1.0625,0.3375,20.184844
1,1.6875,1.325,0.4375,41.00755175
0,1.6125,1.25,0.4375,37.94580575
1,1.6625,1.2625,0.4,36.61337925
1,1.4125,1.1,0.4,25.9397925
0,1.2,0.9,0.25,12.4454305
1,1.15,0.9125,0.2875,12.71475075
0,1.4375,1.175,0.35,23.74270625
0,1.575,1.2375,0.4375,35.98969025
1,1.4875,1.1625,0.375,27.78251
1,1.6875,1.275,0.375,33.92017675
0,1.425,1.125,0.3375,28.91649
0,1.5625,1.175,0.3625,50.61803225
1,1.0,0.8125,0.3,9.02931575
0,1.5375,1.1875,0.375,29.41260625
0,1.25,0.9625,0.3,17.95940825
1,1.8,1.4375,0.45,47.35783975
1,1.5375,1.25,0.4125,37.6197865
1,1.5875,1.25,0.4375,41.8722115
0,1.7,1.35,0.525,50.70308075
1,1.2,0.9125,0.3375,18.12950525
1,1.3125,0.95,0.35,17.19397175
1,1.7375,1.325,0.5,58.04560125
1,1.0625,0.8625,0.275,10.39009175
1,1.575,1.225,0.5625,37.874932
1,1.5,1.1625,0.4,32.1199835
1,1.5875,1.2625,0.3625,32.16250775
1,1.5875,1.225,0.425,35.76289425
0,1.1125,0.8,0.3,11.736693
0,1.5625,1.25,0.35,31.071052
1,1.625,1.3625,0.4125,44.395317
0,1.8,1.4,0.45,44.97648175
0,1.475,1.175,0.375,28.22192725
0,1.6125,1.25,0.475,34.8415355
0,1.75,1.3125,0.4375,49.85259575
0,1.275,1.0,0.325,18.24290325
0,1.375,1.05,0.3625,20.93610575
0,1.575,1.175,0.375,32.19085725
1,1.55,1.175,0.35,29.27085875
1,1.375,0.95,0.4125,34.1611475
0,1.525,1.175,0.4125,29.823674
0,1.3,0.95,0.3375,16.51358375
1,1.5375,1.175,0.4375,36.81182575
1,1.5625,1.2125,0.4375,38.612019
0,1.625,1.2875,0.45,37.74735925
1,1.425,1.1125,0.3625,24.87668625
1,1.7,1.45,0.5,50.6605565
1,1.375,1.075,0.35,20.22736825
0,1.325,1.025,0.3125,21.8007655
1,1.7375,1.4,0.55,51.992983
1,1.55,1.35,0.4125,32.2900805
1,1.1625,0.875,0.3125,13.664459
0,1.525,1.1875,0.3875,33.112216
0,1.4375,1.1375,0.4125,24.5790165
0,1.4875,1.15,0.35,24.153774
1,1.1,0.85,0.2625,10.319218
1,1.6375,1.3,0.4375,41.730464
1,1.375,1.0375,0.3375,21.9708625
0,1.4625,1.15,0.375,34.189497
1,1.325,1.0375,0.4,22.1976585
1,1.35,1.05,0.35,22.77882325
0,1.475,1.15,0.3625,26.3366855
0,1.375,0.9625,0.325,20.62426125
0,1.475,1.1875,0.35,27.6974615
0,1.625,1.3125,0.475,38.79629075
1,1.5125,1.175,0.4125,33.38153625
1,1.7375,1.3375,0.5,44.94813225
1,1.45,1.1375,0.4125,32.21920675
1,1.5875,1.2125,0.4125,36.69842775
0,1.2125,0.925,0.3875,27.442316
0,1.525,1.2,0.425,32.2333815
0,1.5125,1.225,0.35,27.65493725
0,1.225,1.05,0.3125,17.2648455
1,1.225,1.0,0.2875,16.1308655
0,1.3875,1.0625,0.375,24.7491135
1,1.3,0.9875,0.45,18.14368
1,1.2,0.95,0.3375,14.3731965
0,1.45,1.1125,0.375,27.00289875
1,1.6125,1.25,0.425,33.57998275
0,1.5125,1.175,0.45,31.62386725
0,0.9,0.7375,0.325,7.83863675
1,1.3375,1.0875,0.4,22.97726975
1,1.4625,1.1375,0.425,28.19357775
0,1.65,1.325,0.4875,43.95589975
1,1.3875,1.0125,0.3,25.8830935
1,1.6,1.3125,0.4375,39.179009
1,1.4125,1.125,0.4625,26.32251075
0,1.7125,1.275,0.45,41.23434775
1,1.5625,1.25,0.4,34.5013415
0,0.85,0.6875,0.225,5.85417175
0,1.3875,1.0875,0.3625,26.09571475
1,1.6375,1.1375,0.425,36.55668025
1,1.4625,1.2125,0.375,30.5891105
1,1.075,0.8375,0.3,12.587178
1,1.5125,1.1875,0.3625,28.87396575
1,1.5,1.1875,0.375,28.56212125
1,1.3,1.025,0.2875,22.8780465
1,0.925,0.6875,0.2125,6.81805475
0,1.4,1.1,0.325,23.40251225
0,1.575,1.2875,0.4125,38.328524
0,1.575,1.1625,0.375,29.1149365
1,1.75,1.4375,0.5125,50.2636635
0,1.8125,1.4125,0.5375,53.6089045
1,1.5625,1.225,0.3875,31.6096925
1,1.3125,1.0625,0.3625,22.66542525
1,1.525,1.225,0.425,33.38153625
1,1.3125,1.025,0.3375,22.41027975
0,1.4125,1.1625,0.4375,28.2077525
1,1.375,1.075,0.3125,26.1665885
0,1.6,1.2625,0.4125,40.92250325
1,1.625,1.2375,0.3875,37.9032815
0,1.125,0.8625,0.2625,11.66581925
0,1.475,1.175,0.4,34.189497
0,1.1125,0.85,0.3,12.68640125
1,1.575,1.25,0.4375,31.48211975
0,1.625,1.2375,0.4,36.967748
1,1.4375,1.125,0.4,30.277266
1,1.3125,1.075,0.4125,20.3265915
1,1.2,1.0125,0.325,18.07280625
0,1.325,1.0625,0.325,21.13455225
1,1.1375,0.875,0.3125,12.71475075
1,1.5875,1.2125,0.4125,35.98969025
1,1.1625,0.875,0.3375,17.76096175
0,1.575,1.2375,0.4,30.9860035
0,1.6125,1.275,0.4,33.55163325
1,1.3125,1.0,0.325,19.83047525
0,1.125,0.8,0.25,10.8011595
0,1.4625,1.175,0.4125,39.9444455
1,1.4625,1.1875,0.4625,24.30969625
0,1.2375,0.9375,0.2875,17.70426275
1,1.1375,0.9125,0.275,10.9145575
0,1.7375,1.3125,0.4375,49.384829
1,1.7625,1.3375,0.55,52.900167
1,1.1625,0.9375,0.3375,17.0097
0,1.425,1.2,0.45,26.63435525
0,1.75,1.5,0.575,56.7840485
1,1.775,1.25,0.375,37.32211675
1,1.4375,1.0875,0.3875,25.44367625
1,1.45,1.15,0.4375,33.0271675
0,0.925,0.7,0.25,7.144074
0,0.85,0.6625,0.2125,5.20213325
1,1.1875,0.875,0.2875,12.813974
1,1.175,0.9,0.275,14.07552675
0,1.6625,1.25,0.4375,36.78347625
0,1.725,1.2875,0.45,52.29065275
0,1.6,1.2625,0.3875,39.76017375
0,1.425,1.0875,0.3625,25.67047225
1,1.6,1.25,0.4375,39.519203
0,1.6625,1.2625,0.4,36.5425055
0,1.675,1.25,0.5,35.9755155
1,1.425,1.1,0.475,28.859791
0,1.3625,1.1,0.4125,21.092028
0,1.1375,0.9125,0.2375,14.571643
0,1.8,1.375,0.5125,60.2426875
0,1.5375,1.2625,0.4125,37.98833
0,1.4,1.125,0.3625,26.52095725
1,1.7,1.25,0.4625,49.3564795
1,1.3875,1.05,0.275,26.3933845
0,1.75,1.4125,0.4375,52.63084675
1,1.3,1.025,0.425,24.67823975
1,1.175,0.9,0.325,13.380964
0,1.7125,1.3,0.4125,43.0628905
0,1.4625,1.275,0.4,34.529691
1,1.5,1.175,0.425,30.63163475
1,1.5625,1.2125,0.4125,34.74231225
1,1.5375,1.225,0.475,32.16250775
0,1.65,1.3125,0.5,42.2124055
1,1.675,1.375,0.3875,44.395317
1,1.2625,1.0625,0.35,24.097075
1,1.525,1.2125,0.4125,30.94347925
0,1.175,0.975,0.375,18.01610725
0,1.5,1.1625,0.4125,29.69610125
1,1.1625,0.975,0.275,18.01610725
0,1.4,1.05,0.4875,22.92057075
0,1.375,1.05,0.4,38.00250475
1,1.3125,1.1,0.375,23.88445375
1,1.575,1.2625,0.4875,37.024447
1,1.0,0.8,0.275,10.0073735
0,1.5625,1.25,0.45,38.85298975
0,1.35,1.025,0.3625,28.0376555
1,1.5875,1.275,0.4625,36.457457
0,1.3,0.9875,0.3125,16.48523425
0,1.575,1.225,0.375,33.89182725
0,1.125,0.875,0.325,13.19669225
0,1.475,1.1125,0.35,26.3933845
0,1.55,1.2,0.3875,35.59279725
0,1.1125,0.8625,0.35,13.494362
1,1.4,1.1,0.3875,18.15785475
0,1.8,1.4125,0.5,59.68987225
0,1.3375,1.05,0.4,20.41164
1,1.4,1.1375,0.3125,26.7335785
0,1.5875,1.2375,0.425,38.82464025
0,1.575,1.2125,0.4375,36.85435
1,1.6375,1.275,0.4,30.957654
0,1.15,0.8625,0.3,13.99047825
0,1.2875,0.975,0.3,17.36406875
1,1.4,1.0875,0.3125,24.87668625
0,1.175,0.9375,0.3,15.77649675
0,1.4,1.125,0.35,25.51455
0,1.2,0.95,0.3375,14.968536
1,1.425,1.0875,0.35,22.92057075
0,1.3875,1.025,0.3125,16.9813505
0,1.625,1.275,0.4375,40.993377
0,1.375,1.075,0.375,24.79163775
0,1.6875,1.3125,0.4625,44.9906565
0,1.6875,1.3,0.3625,38.68289275
1,1.5,1.125,0.35,24.6357155
1,1.5125,1.1625,0.3875,31.18445
1,1.425,1.1625,0.45,28.33532525
1,1.4125,1.1375,0.325,29.993771
1,1.15,0.9,0.2875,13.48018725
1,1.7625,1.325,0.425,44.338618
1,1.4625,1.125,0.375,26.591831
1,1.5,1.125,0.35,23.7285315
0,1.625,1.2625,0.475,36.117263
0,1.65,1.275,0.45,35.7487195
1,1.45,1.1625,0.4125,31.22697425
0,1.6125,1.3,0.4375,44.2535695
0,1.2875,0.925,0.2875,17.42076775
0,1.65,1.2625,0.5,46.22385975
0,1.55,1.2125,0.4125,32.10580875
0,1.8125,1.375,0.5,42.807745
1,1.3375,1.1125,0.3125,24.73493875
1,1.425,1.2375,0.4,30.94347925
1,1.5625,1.225,0.4375,34.9549335
1,1.5375,1.175,0.3875,30.730858
0,0.95,0.75,0.25,7.10154975
1,1.2625,0.975,0.325,19.107563
1,1.6375,1.3625,0.4125,45.99706375
0,1.45,1.075,0.3125,25.84056925
0,1.5,1.125,0.4,32.375129
1,1.3,1.0125,0.2875,21.999212
0,1.4875,1.1875,0.425,31.08522675
0,1.7,1.325,0.5125,42.410852
1,1.525,1.15,0.3875,27.1304715
0,0.925,0.7,0.2625,6.350288
1,0.9625,0.7875,0.275,8.107957
0,1.4,1.0625,0.3375,24.0687255
0,1.4,1.1375,0.3875,22.5945515
0,1.65,1.2625,0.475,40.78075575
0,1.425,1.0125,0.4,26.20911275
1,1.6875,1.35,0.525,45.1607535
1,1.2875,0.9375,0.275,17.19397175
1,1.6375,1.3,0.5,43.87085125
0,1.5625,1.175,0.45,32.205032
0,1.5625,1.2,0.3625,30.7592075
0,1.2875,0.975,0.3875,20.19901875
1,1.575,1.2125,0.425,37.43551475
0,1.1375,0.8625,0.375,16.42853525
1,1.525,1.2125,0.525,38.11590275
1,1.55,1.275,0.5125,38.20095125
1,1.475,1.1625,0.425,29.55435375
0,1.3375,1.05,0.3125,21.659018
1,1.525,1.125,0.325,24.73493875
1,1.0375,0.7625,0.325,9.07184
1,1.725,1.3375,0.4625,51.766187
0,1.3625,1.0625,0.3375,23.94115275
0,1.6125,1.275,0.4125,39.7743485
0,1.45,1.1625,0.375,25.69882175
1,1.1625,0.875,0.2875,11.9351395
0,1.525,1.2,0.35,29.2283345
0,1.5375,1.175,0.4,28.84561625
1,1.6625,1.35,0.4875,50.008518
0,1.425,1.1,0.3875,31.638042
0,1.4375,1.125,0.3875,26.875326
0,1.5375,1.175,0.3625,29.15746075
0,1.25,0.975,0.3625,18.4555245
1,1.625,1.3,0.4875,36.3157095
0,1.6125,1.2375,0.475,43.6298805
1,1.7125,1.3375,0.4375,44.91978275
0,0.9375,0.7625,0.225,9.19941275
1,1.35,1.0375,0.4375,25.44367625
0,1.4125,1.0625,0.25,20.25571775
0,1.475,1.0875,0.4125,27.68328675
0,1.7125,1.3,0.375,38.0733785
1,1.8,1.4125,0.45,48.7327905
1,1.475,1.1375,0.4375,27.385617
0,1.6125,1.25,0.4375,42.82191975
1,1.325,1.0625,0.425,26.9036755
1,1.525,1.2125,0.425,31.19862475
1,1.25,0.9875,0.35,20.28406725
1,1.675,1.35,0.5,41.39027
0,1.5875,1.3125,0.4625,39.87357175
0,1.45,1.175,0.4125,26.2799865
1,1.0625,0.8125,0.3375,10.829509
1,1.15,0.8875,0.325,12.984071
1,1.175,0.8875,0.35,12.2753335
0,1.2125,0.9,0.325,15.35125425
1,1.525,1.15,0.3625,31.70891575
0,1.2375,0.9875,0.3375,17.95940825
0,1.575,1.25,0.4375,35.84794275
1,1.675,1.35,0.4875,45.8978405
0,1.3,1.0,0.2625,24.720764
1,1.2125,0.9375,0.3375,15.762322
0,1.5125,1.1875,0.45,26.54930675
1,1.5625,1.2,0.425,38.34269875
1,1.55,1.25,0.375,36.6559035
0,1.375,1.125,0.425,22.963095
0,1.575,1.2875,0.4,28.803092
1,1.7,1.425,0.5125,52.219779
0,0.8875,0.725,0.225,9.28446125
1,1.5625,1.2875,0.375,35.19590425
0,1.3,1.1625,0.375,26.94619975
1,1.2875,1.0,0.2875,16.386011
0,1.325,1.0125,0.375,23.57260925
0,1.4,1.1125,0.4,25.41532675
0,1.4125,1.1,0.4375,31.808139
1,1.5625,1.25,0.375,27.0170735
0,1.2625,0.9875,0.3125,18.0019325
1,1.425,1.0875,0.375,23.51591025
1,1.6125,1.225,0.4,33.06969175
1,1.3875,1.05,0.35,24.607366
1,1.6625,1.3875,0.4875,40.78075575
0,1.5,1.2375,0.4875,29.97959625
1,0.9,0.675,0.225,5.34388075
0,1.45,1.1625,0.4,29.32755775
0,1.2,0.925,0.25,14.55746825
1,0.925,0.6875,0.2,6.4353365
1,1.1,0.875,0.3125,11.43902325
1,1.6125,1.2625,0.4125,40.61065875
0,1.3,1.0875,0.4875,27.5840635
1,1.5,1.25,0.425,32.034935
1,1.4375,1.2,0.375,24.79163775
0,1.4,1.0375,0.325,21.58814425
1,1.2375,0.925,0.3,16.839603
0,1.3125,1.0375,0.4,18.27125275
1,1.2875,1.0375,0.325,21.659018
1,1.5625,1.2625,0.4375,32.601925
1,1.55,1.2375,0.425,30.107169
1,1.375,1.125,0.3625,21.0069795
1,1.4875,1.2125,0.3625,35.47939925
0,1.45,1.1,0.4375,34.74231225
1,1.7,1.4,0.4875,47.173568
0,1.7375,1.4,0.4625,49.32813
0,1.45,1.15,0.4,30.1355185
1,1.075,0.875,0.225,11.2547515
1,1.275,0.925,0.525,33.5374585
0,1.5625,1.25,0.4625,35.22425375
0,1.5625,1.2375,0.4625,39.22153325
1,1.6125,1.3,0.425,33.9343515
1,1.2,0.9625,0.3375,15.195332
0,1.4875,1.175,0.3875,34.06192425
0,1.575,1.2125,0.45,35.25260325
1,1.5,1.1875,0.375,32.034935
1,1.6875,1.275,0.4625,41.7588135
0,1.2875,1.0,0.35,17.95940825
1,1.45,1.1375,0.3875,23.71435675
0,1.4875,1.175,0.4125,31.411246
1,1.25,0.95,0.3875,18.5689225
0,1.1375,0.8875,0.325,14.5999925
1,1.1375,0.9375,0.3125,12.984071
0,1.775,1.4375,0.5375,56.9541455
0,1.375,1.0625,0.375,23.57260925
0,1.575,1.25,0.4625,38.612019
1,1.6,1.2125,0.3625,32.13415825
1,1.1125,0.8875,0.375,13.7495075
1,1.1,0.8625,0.2625,12.14776075
1,1.4,1.125,0.4,29.01571325
0,1.4375,1.0,0.3875,26.43590875
0,1.15,0.875,0.3125,14.64251675
1,1.575,1.1875,0.4375,40.3413385
1,1.5625,1.2375,0.4125,35.777069
0,1.5,1.1875,0.375,30.8726055
0,1.0625,0.875,0.2625,11.1413535
1,1.0875,0.875,0.3,12.99824575
1,1.6375,1.2625,0.4125,38.7537665
1,1.275,0.975,0.2625,17.349894
1,1.5375,1.25,0.5125,31.34037225
0,1.3125,1.0,0.35,20.76600875
1,1.4125,1.1,0.3875,26.63435525
1,1.4,1.0625,0.3125,26.421734
0,1.475,1.0125,0.375,24.1821235
1,1.2625,0.975,0.3125,15.43630275
0,1.5375,1.1875,0.4375,34.699788
1,1.5625,1.2875,0.45,38.22930075
0,1.3625,1.15,0.4,25.44367625
0,1.5,1.2,0.4375,34.8415355
0,1.55,1.2,0.4125,30.40483875
1,1.5875,1.3375,0.475,35.210079
1,1.4125,1.125,0.4125,25.1460065
1,1.025,0.8,0.2875,10.9712565
1,1.6125,1.3125,0.425,38.838815
0,1.5375,1.3125,0.3875,32.24755625
0,1.2625,0.9625,0.325,18.24290325
1,1.65,1.3,0.45,42.921143
1,1.675,1.325,0.5625,44.26774425
0,1.6,1.25,0.425,41.23434775
0,0.9,0.675,0.25,6.1518415
0,1.25,0.975,0.3125,14.78426425
1,1.6875,1.375,0.45,47.86813075
0,1.55,1.2125,0.3875,29.18581025
1,1.5,1.1875,0.3375,40.83745475
1,1.6125,1.2125,0.375,32.6302745
0,1.4875,1.2,0.35,25.86891875
0,1.5625,1.2375,0.45,30.65998425
1,1.0375,0.85,0.325,10.41844125
1,1.425,1.15,0.425,31.18445
1,1.45,1.15,0.3375,26.251637
1,1.3125,1.1,0.3125,20.17066925
0,1.3375,1.0875,0.375,20.3265915
1,1.85,1.5,0.4875,55.961913
0,1.1625,0.9375,0.275,14.17475
1,1.65,1.325,0.425,40.5681345
1,1.3625,1.1,0.4375,21.95668775
1,1.675,1.3,0.4875,51.21337175
1,1.275,1.0,0.3125,15.4504775
0,1.375,1.0875,0.275,22.849697
0,1.625,1.25,0.3875,34.076099
0,1.175,0.9125,0.3375,14.798439
0,1.2875,0.9875,0.3375,28.5479465
0,1.3625,1.1,0.35,23.79940525
0,1.5625,1.2625,0.5375,40.97920225
1,1.5875,1.2875,0.475,38.88133925
0,1.4375,1.1,0.3625,24.664065
0,1.2875,1.0125,0.3625,19.7029025
0,1.475,1.15,0.325,31.241149
1,1.6,1.1875,0.4375,32.72949775
0,1.5875,1.225,0.4375,38.9805625
0,1.1,0.875,0.35,12.7856245
1,1.425,1.125,0.425,31.127751
0,1.475,1.175,0.375,24.4089195
1,1.4875,1.1,0.3375,27.328918
0,1.6125,1.25,0.45,41.4186195
0,1.6375,1.3,0.45,42.297454
1,1.4375,1.0625,0.375,24.84833675
0,1.625,1.2875,0.4625,38.96638775
0,1.55,1.15,0.4,26.94619975
0,1.0375,0.8,0.25,8.51902475
1,1.175,0.9125,0.2625,11.92096475
1,1.7625,1.3875,0.5,41.63124075
0,1.4375,1.1625,0.3,29.86619825
0,1.1375,0.875,0.2625,11.793392
0,1.4125,1.1375,0.425,25.69882175
0,1.3,0.9625,0.35,18.69649525
0,0.925,0.7,0.2625,6.633783
1,1.25,1.0125,0.375,16.91047675
1,1.6875,1.275,0.4875,39.179009
0,1.5,1.1875,0.4375,38.11590275
1,1.1625,0.975,0.35,15.74814725
1,1.325,1.0625,0.375,24.08290025
1,1.0375,0.8125,0.2625,10.77281
1,1.4375,1.1625,0.4875,28.25027675
1,1.4875,1.2,0.4,34.28872025
0,1.5,1.1875,0.475,30.83008125
0,1.225,0.95,0.35,21.55979475
1,1.45,1.125,0.375,26.08154
1,1.425,1.15,0.3375,27.76833525
0,1.4875,1.1375,0.3625,26.705229
0,1.45,1.15,0.325,26.1098895
1,1.75,1.4375,0.5125,50.95822625
1,1.175,0.9125,0.3,15.3937785
1,1.6125,1.25,0.5625,46.096287
0,1.4875,1.15,0.425,32.02076025
0,1.1625,0.9,0.325,14.92601175
0,1.8875,1.45,0.5125,56.88327175
0,1.575,1.2625,0.375,37.32211675
1,1.55,1.2,0.4125,29.5685285
1,1.5,1.15,0.3875,27.59823825
0,1.4125,1.0375,0.3125,18.9091165
0,0.9875,0.7375,0.2875,8.958442
1,1.4375,1.125,0.25,26.40755925
0,1.4375,1.1375,0.4625,32.772022
0,1.175,0.925,0.2625,13.22504175
1,1.0375,0.7625,0.2625,10.21999475
0,1.1,0.875,0.275,12.99824575
1,1.55,1.2625,0.4,38.90968875
0,1.1875,0.9,0.35,14.55746825
1,1.5625,1.2125,0.3375,36.92522375
1,1.8875,1.4375,0.5,58.7685135
0,1.15,0.8875,0.35,13.9196045
1,1.5625,1.2125,0.475,33.29648775
1,0.975,0.75,0.25,7.5126175
0,1.2875,0.95,0.3375,18.75319425
1,1.175,0.8875,0.25,13.48018725
1,1.825,1.3875,0.45,47.89648025
1,1.4375,1.15,0.4625,31.014353
1,1.7625,1.3625,0.45,43.64405525
1,1.45,1.125,0.3625,32.2333815
0,1.3625,1.0375,0.35,23.24659
1,1.5375,1.1875,0.425,31.25532375
0,0.925,0.7,0.2375,6.30776375
1,1.225,0.95,0.3625,19.06503875
0,1.5375,1.1875,0.425,33.52328375
1,1.675,1.2875,0.425,40.44056175
0,1.2125,0.9125,0.3875,29.1716355
1,1.4875,1.175,0.4125,28.78891725
1,1.3,1.075,0.375,20.638436
1,1.5375,1.1875,0.3875,29.1149365
1,1.4625,1.0875,0.4375,27.839209
0,1.0625,0.8375,0.25,11.58077075
1,1.425,1.125,0.375,27.34309275
1,1.6,1.2,0.3625,31.59551775
0,1.65,1.325,0.425,39.41997975
1,1.55,1.25,0.4375,33.622507
1,1.3875,1.1,0.35,23.983677
0,1.3,1.025,0.2875,21.829115
0,1.2375,0.9375,0.3875,27.669112
0,1.3875,1.0,0.325,20.05727125
0,1.0375,0.7875,0.3,11.38232425
0,1.3125,1.0375,0.3375,22.52367775
1,1.6375,1.3125,0.4375,38.215126
0,1.7,1.35,0.3875,43.488133
0,1.25,1.0,0.325,18.83824275
1,1.4875,1.1875,0.4125,32.545226
1,1.3625,1.075,0.4125,22.736299
1,1.425,1.1625,0.3875,24.720764
0,1.4375,1.15,0.3875,25.287754
0,1.375,1.075,0.45,23.43086175
1,1.45,1.1375,0.425,25.72717125
0,1.5125,1.225,0.3625,36.85435
0,1.3875,1.1,0.35,24.67823975
0,1.375,1.0125,0.375,26.18076325
0,1.675,1.3375,0.475,47.3153155
0,1.575,1.2,0.3625,28.67551925
1,1.8,1.4375,0.425,54.81375825
1,1.65,1.25,0.4375,37.63396125
1,1.425,1.1,0.3,22.7646485
1,1.2125,1.0,0.3875,20.7234845
1,1.3375,1.0,0.375,34.699788
1,1.25,0.925,0.3375,12.757275
1,1.6625,1.25,0.375,35.36600125
0,1.4,1.075,0.3875,24.59319125
0,1.4,1.1,0.4,24.50814275
0,1.6375,1.35,0.5375,52.276478
0,0.9875,0.7625,0.2625,7.994559
1,1.15,0.8875,0.325,14.6566915
0,1.4375,1.175,0.375,27.73998575
1,1.5125,1.1375,0.3625,24.437269
0,1.7,1.2875,0.4,34.99745775
1,1.4625,1.175,0.425,31.1561005
1,1.5,1.175,0.3375,27.499015
0,1.8375,1.475,0.5375,49.5265765
0,1.35,1.0125,0.3125,25.2594045
0,1.1875,0.8875,0.3125,13.11164375
0,1.575,1.2,0.375,36.0322145
1,1.75,1.3625,0.325,44.111822
1,1.5125,1.2375,0.475,40.7382315
1,1.75,1.4,0.4375,47.07434475
1,1.775,1.375,0.425,45.756093
0,1.5125,1.175,0.4125,34.91240925
1,1.125,0.8375,0.2625,12.0485375
0,1.6875,1.2625,0.4,43.431434
0,1.65,1.2875,0.4875,44.38114225
1,1.3,1.025,0.3875,20.6100865
0,1.3625,1.025,0.3625,24.7491135
1,1.2875,1.075,0.35,23.643483
0,1.5,1.1875,0.4,32.998818
0,1.1375,0.875,0.3,13.70698325
0,1.475,1.1625,0.4125,31.6096925
1,1.25,1.0125,0.35,19.09338825
1,1.6,1.2875,0.5125,43.47395825
0,1.4,1.1,0.4,31.51046925
1,1.475,1.2125,0.5125,34.91240925
0,1.5625,1.225,0.4125,34.1611475
1,1.5125,1.15,0.425,31.808139
0,1.725,1.375,0.5,52.34735175
1,1.6125,1.275,0.4,35.19590425
1,1.6125,1.2,0.425,32.16250775
1,1.8,1.4875,0.5625,55.8201655
1,1.4875,1.15,0.4,26.1098895
1,1.0125,0.8125,0.275,10.07824725
0,1.4625,1.1625,0.3875,25.92561775
0,1.0375,0.7875,0.2875,11.04213025
0,0.9125,0.7125,0.2125,6.25106475
1,1.7375,1.4,0.4625,50.22113925
0,1.0,0.775,0.275,8.901743
0,1.5,1.1875,0.5125,33.339012
1,1.4875,1.25,0.45,29.8520235
1,1.5625,1.2,0.5,37.52056325
0,1.5375,1.175,0.4125,31.978236
0,1.0125,0.7625,0.3,9.02931575
0,1.025,0.775,0.3125,10.19164525
1,1.45,1.1625,0.3625,27.9667818
1,1.5,1.15,0.375,35.0116325
0,1.1625,0.9,0.2625,13.834556
0,1.575,1.225,0.3875,35.50774875
1,1.4875,1.1375,0.3875,30.06464475
1,1.475,1.1,0.35,28.5479465
1,1.5,1.1625,0.4125,25.16018125
0,0.95,0.725,0.3,8.0229085
0,0.8875,0.6625,0.225,4.762716
1,1.2875,1.0125,0.3,18.313777
0,1.5125,1.1875,0.375,32.601925
0,1.475,1.2125,0.3,25.8263945
0,1.4125,1.1,0.3875,24.607366
1,1.1875,0.9375,0.35,14.2030995
0,1.1,0.8375,0.275,11.169703
1,1.6875,1.3125,0.425,48.5059945
1,1.6625,1.3125,0.45,44.74968575
1,0.925,0.7375,0.25,7.61184075
1,1.6125,1.25,0.5,40.49726075
1,1.5375,1.2375,0.4125,33.962701
1,1.475,1.1875,0.3875,27.54153925
1,1.5625,1.3125,0.5375,44.69298675
1,1.425,1.0625,0.325,22.169309
0,1.55,1.25,0.5,34.6147395
1,1.175,0.875,0.3625,14.67086625
1,1.225,1.0,0.3625,18.80989325
0,1.45,1.125,0.3875,23.45921125
0,1.75,1.4125,0.45,49.6399745
0,0.9,0.7375,0.25,5.96756975
0,1.5125,1.175,0.2875,31.581343
0,1.225,0.9625,0.3125,18.3988255
0,1.625,1.3125,0.4625,38.14425225
0,1.575,1.2625,0.3875,31.3261975
1,1.5375,1.3125,0.3875,29.44095575
0,1.4625,1.1375,0.5625,29.9087225
0,1.5875,1.275,0.425,38.42774725
0,1.25,0.9625,0.3375,15.6205745
0,1.1375,0.8625,0.3125,12.47378
1,1.325,1.075,0.375,21.0069795
1,1.625,1.275,0.4375,38.271825
0,1.1375,0.8875,0.3375,13.45183775
0,1.4625,1.125,0.375,28.2644515
0,1.4875,1.25,0.4125,30.05047
1,1.55,1.225,0.4,29.937072
0,1.025,0.75,0.25,8.5331995
0,0.875,0.6625,0.275,8.40562675
1,1.7,1.4,0.4875,50.39123625
1,1.5375,1.3,0.375,38.08755325
0,1.5125,1.2,0.425,33.55163325
0,1.7,1.325,0.45,43.3463855
0,1.425,1.05,0.3875,28.576296
1,1.25,1.1,0.3875,21.035329
1,1.5125,1.2125,0.4,29.95124675
1,1.6,1.25,0.4125,32.98464325
0,1.5625,1.225,0.3,24.84833675
0,0.9375,0.725,0.25,7.824462
0,1.45,1.1,0.375,29.66775175
1,1.5125,1.225,0.375,32.16250775
0,1.4625,1.1375,0.3625,27.0170735
1,1.3625,1.0375,0.375,20.79435825
0,1.2125,0.9625,0.2625,15.762322
0,0.9625,0.75,0.2875,9.73805325
0,1.2,0.925,0.3375,17.90270925
0,1.35,1.0875,0.45,28.236102
1,1.15,0.875,0.2875,13.04077
0,1.65,1.2625,0.4125,38.952213
1,1.2125,0.9125,0.35,17.56251525
1,1.55,1.2,0.45,34.62891425
0,1.6625,1.3375,0.4875,45.529297
