Sex,Length,Diameter,Height,SWeight
0,1.725,1.325,0.475,19.220961
0,1.4875,1.1875,0.35,13.96212875
1,1.45,1.1375,0.425,10.602713
1,1.2375,0.9625,0.3375,8.51902475
0,1.35,1.0375,0.3625,7.47009325
1,1.5125,1.125,0.4875,13.6361095
0,1.6625,1.3125,0.3875,15.09610875
1,1.625,1.2625,0.4125,16.23008875
0,1.375,1.0875,0.3625,9.298636
0,1.675,1.25,0.475,17.463292
0,1.1,0.8,0.3,6.90310325
1,1.4625,1.15,0.375,14.2597985
0,1.5875,1.3125,0.4625,19.391058
0,1.15,0.85,0.3375,4.69184225
0,1.5,1.025,0.3625,12.68640125
0,1.4625,1.225,0.4625,14.798439
1,1.175,0.9125,0.2625,4.6209685
0,1.2625,0.9625,0.275,9.02931575
0,1.8375,1.475,0.5125,25.7696955
1,1.3375,1.0125,0.3125,7.37087
1,1.5375,1.1375,0.3625,14.30232275
0,1.3375,1.0375,0.3375,8.97261675
0,1.2125,0.925,0.3875,11.8784405
1,1.275,0.9375,0.275,8.12213175
0,1.525,0.9125,0.3875,13.834556
0,1.475,1.1,0.375,10.375917
1,1.6,1.3125,0.4375,18.313777
0,1.4125,1.075,0.375,12.03436275
1,1.375,1.1,0.375,8.91591775
1,0.95,0.8125,0.275,3.40194
1,1.6875,1.325,0.4375,19.20678625
0,1.6375,1.3625,0.475,17.93105875
1,1.175,0.8875,0.45,4.32329875
1,1.475,1.1875,0.3875,10.5176645
1,1.3625,1.1125,0.4375,9.82310175
1,1.5625,1.25,0.4125,16.2442635
0,1.3125,1,0.325,7.52679225
0,1.575,1.2875,0.4375,13.947954
0,1.175,0.925,0.3375,6.293589
0,1.65,1.2625,0.5,13.79203175
1,1.2625,1.025,0.3375,8.2497045
1,1.4375,1.15,0.4125,13.65028425
1,1.4375,1.15,0.475,11.113004
1,1.625,1.225,0.3875,15.4504775
0,1.8625,1.4625,0.5375,26.26581175
0,1.525,1.2,0.425,12.94154675
0,1.5375,1.175,0.375,14.10387625
0,1.2375,0.9625,0.3375,5.9817445
0,1.3375,1.1,0.375,7.257472
1,1.5,1.2125,0.3625,10.04989775
0,1.5625,1.2625,0.4375,15.37960375
0,1.3625,1.125,0.375,9.53960675
0,1.25,0.9625,0.3375,9.05766525
1,1.5375,1.3,0.375,17.8318355
0,1.5625,1.2,0.3625,13.16834275
0,1.5375,1.2625,0.475,19.03668925
0,1.5625,1.2,0.45,16.0174675
0,1.575,1.2,0.375,18.72484475
0,1.2,0.925,0.325,9.8939755
0,1.525,1.2125,0.425,16.9246515
0,0.925,0.725,0.225,3.118445
0,1.2375,1.0375,0.4125,7.484268
1,1.3875,1.1125,0.4375,15.6205745
0,1.25,0.9625,0.3625,6.973977
1,1.6125,1.2625,0.4125,15.592225
0,1.475,1.25,0.4125,12.94154675
0,1.475,1.0125,0.375,9.241937
1,1.2375,1,0.3875,6.860579
0,1.4,1.1375,0.4125,11.38232425
0,1.225,1.1625,0.3125,6.6621325
1,1.65,1.25,0.4375,15.762322
1,1.6875,1.275,0.4625,17.84601025
0,1.7875,1.375,0.4375,26.591831
0,1.25,1.0375,0.4125,7.0590255
1,1.45,1.0875,0.3875,12.0485375
0,1.35,1.05,0.475,8.3064035
0,1.4,1.125,0.3625,11.01378075
1,1.45,1.0875,0.375,12.133586
1,1.5125,1.1875,0.4375,13.1258185
1,1.725,1.325,0.425,22.52367775
0,1.175,0.925,0.2625,5.74077375
1,1.3,0.9375,0.3375,6.2652395
1,1.4875,1.1625,0.375,11.66581925
1,1.45,1.0625,0.3875,10.24834425
0,1.8125,1.375,0.5,24.76328825
0,1.525,1.2125,0.3625,22.1976585
1,1.4125,1.225,0.3875,11.4815475
0,0.85,0.6875,0.225,2.05533875
0,1.2375,1,0.3375,7.711064
1,1.45,1.1375,0.4,8.845044
1,1.0375,0.8125,0.2875,3.98310475
0,1.325,1.1,0.5125,9.07184
0,1.3,1.0375,0.4375,7.314171
1,1.2625,1.025,0.375,6.8889285
1,1.5875,1.2125,0.3875,13.2392165
1,1.4,1.075,0.375,12.8423235
0,1.1125,0.925,0.3125,7.07320025
0,1.3875,1.0875,0.3625,11.453198
0,1.6125,1.2625,0.4125,12.28950825
0,1.5875,1.2375,0.3875,16.5277585
0,1.825,1.4375,0.525,26.32251075
1,1.6375,1.225,0.4,15.46465225
1,1.6375,1.3,0.475,17.0097
1,1.7,1.375,0.525,16.93882625
1,1.7,1.4,0.4125,17.16562225
1,1.2,0.9375,0.2625,6.19436575
0,1.35,1.0875,0.35,9.355335
0,1.45,1.1875,0.375,10.9145575
0,1.05,0.8375,0.2875,4.8477645
0,1.4875,1.15,0.425,16.159215
0,1.425,1.125,0.3625,11.35397475
0,1.5,1.15,0.3875,8.0796075
0,1.275,1.025,0.3875,16.1308655
0,1.3625,1.1,0.3,9.85145125
1,1.7875,1.3125,0.4625,18.86659225
0,1.4125,1.125,0.35,10.73028575
0,1.3125,1.0375,0.3625,9.99319875
1,1.6625,1.2625,0.4125,16.96717575
1,1.7625,1.375,0.425,18.12950525
1,1.5625,1.2375,0.4,12.74310025
0,1.25,0.975,0.3625,7.7394135
0,1.25,0.975,0.3375,8.91591775
1,1.5125,1.1375,0.3625,9.468733
0,1.5,1.1875,0.4375,15.5638755
1,1.6125,1.2875,0.375,14.5999925
1,1.675,1.3125,0.4875,16.2442635
1,1.4875,1.2,0.5,10.149121
1,1.55,1.2625,0.4,17.81766075
1,0.9,0.6625,0.225,2.721552
0,1.4625,1.175,0.4125,22.6796
0,0.8875,0.6625,0.225,1.417475
0,1.4625,1.15,0.4625,10.30504325
0,1.45,1.15,0.375,13.9196045
0,1.425,1.15,0.3875,12.870673
1,1.525,1.175,0.4,12.076887
0,1.475,1.175,0.375,13.6361095
1,1.3375,1,0.375,9.48290775
0,1.5625,1.2625,0.4625,14.74174
0,1.25,1.05,0.3125,7.2291225
0,1.075,0.8625,0.2875,2.62232875
1,1.825,1.4375,0.4625,26.3933845
0,1.425,1.15,0.375,15.35125425
0,1.55,1.3125,0.3875,12.870673
1,1.55,1.35,0.4125,14.16057525
1,1.0125,0.775,0.3,3.912231
1,1.6125,1.3125,0.475,19.94387325
1,1.1625,0.95,0.3375,5.896696
0,1.2625,1.0125,0.275,8.6465975
0,1.2625,0.9125,0.2875,7.087375
1,1.175,0.9375,0.3,7.83863675
0,1.4625,1.1875,0.3,11.623295
1,1.125,0.9,0.3125,5.76912325
1,1.5,1.1625,0.3875,13.48018725
0,1.1375,0.9375,0.3125,6.10931725
0,1.625,1.2125,0.4,16.20173925
1,1.2625,1.0625,0.35,7.7961125
0,0.9625,0.75,0.2875,4.66349275
0,1.4375,1.125,0.325,9.015141
0,1.4125,1.075,0.325,9.90815025
1,1.4625,1.125,0.425,9.42620875
1,1.4625,1.125,0.4,11.4815475
1,1.2625,0.9625,0.3375,7.1157245
0,1.55,1.2,0.3875,14.9401865
0,1.475,1.1375,0.3875,10.999606
1,1.625,1.3,0.4875,19.5328055
0,1.4625,1.1625,0.3875,12.91319725
1,1.175,0.9,0.325,5.159609
0,1.6375,1.2125,0.4875,17.78931125
1,1.45,1.1625,0.4125,11.453198
1,1.225,0.9625,0.375,6.8322295
1,1.5,1.125,0.375,12.40290625
0,1.2875,0.875,0.3875,11.86426575
1,1.3125,1.075,0.4125,8.1930055
1,1.3625,1.0625,0.3125,8.334753
0,1.5875,1.2125,0.45,13.56523575
0,1.1625,0.9,0.2625,5.329706
0,1.55,1.1625,0.3625,10.6310625
0,1.525,1.2,0.4125,15.80484625
1,1.425,1.15,0.425,11.69416875
0,1.175,0.9,0.2625,7.654365
1,1.4375,1.1625,0.35,12.530479
1,1.2875,0.9875,0.3375,5.71242425
1,1.6,1.2625,0.4375,17.53416575
1,1.475,1.1375,0.3625,14.61416725
1,0.9875,0.7875,0.2625,3.35941575
0,0.9125,0.7125,0.2125,2.42388225
1,1.2625,0.975,0.3125,6.973977
1,1.2625,0.9375,0.2875,7.47009325
1,1.725,1.35,0.3875,17.690088
1,1.3625,1.075,0.35,12.34620725
1,1.525,1.175,0.3625,11.4248485
1,1.3,1.075,0.375,8.561549
1,1.4375,1.1875,0.4,10.21999475
0,1.1,0.9375,0.325,6.406987
0,1.4125,1.175,0.4875,10.9712565
1,1.5625,1.25,0.4375,15.989118
1,1.6625,1.3125,0.525,23.189891
0,1.675,1.3375,0.475,21.16290175
0,1.425,1.15,0.425,11.55242125
0,1.3375,1.0875,0.375,7.6260155
0,1.7125,1.3625,0.5125,23.09066775
0,1.5,1.1875,0.375,14.72756525
1,1.1125,0.825,0.2625,5.10291
1,1.25,0.9625,0.2875,8.34892775
1,1.2625,0.9625,0.2875,6.8889285
0,1.575,1.275,0.475,11.69416875
1,1.1375,0.9375,0.3125,5.62737575
1,1.525,1.2375,0.4375,15.025235
1,1.7625,1.425,0.45,27.21552
0,1.075,0.8375,0.3,5.62737575
1,1.5375,1.1875,0.3875,13.721158
1,1.4,1.1625,0.4,12.246984
1,1.4375,1.125,0.4,8.88756825
1,1.55,1.275,0.4375,14.13222575
1,1.65,1.2375,0.525,20.525038
0,1.3125,1.0625,0.3,8.00873375
1,1.5625,1.225,0.3875,13.1825175
0,1.5375,1.1875,0.375,13.494362
1,1.4125,1.125,0.4375,15.03940975
0,1.7,1.35,0.4875,15.77649675
0,1.5875,1.225,0.4,15.138633
1,1.575,1.2125,0.425,16.85377775
1,1.525,1.2375,0.4625,10.50348975
0,1.55,1.225,0.375,13.05494475
0,1.3625,1.05,0.35,7.01650125
0,1.5875,1.275,0.425,17.5483405
0,1.55,1.1875,0.4625,17.13727275
1,1.625,1.475,0.55,21.829115
1,1.525,1.225,0.425,16.03164225
1,1.4625,1.125,0.4,14.16057525
1,0.9,0.675,0.225,2.39553275
1,1.6,1.25,0.4375,13.99047825
0,1.675,1.3125,0.425,20.2698925
0,1.45,1.125,0.3875,9.1001895
0,1.5,1.1875,0.3875,14.231449
1,1.025,0.8125,0.2625,4.5075705
1,1.45,1.15,0.4625,9.96484925
0,1.4375,1.125,0.3875,12.1619355
0,1.6125,1.25,0.45,16.96717575
1,1.55,1.25,0.425,15.52135125
1,1.55,1.25,0.4375,13.5227115
0,1.55,1.25,0.4125,18.01610725
0,1.55,1.2875,0.4375,15.1669825
1,1.4,1.0625,0.3125,10.2341695
0,1.8875,1.45,0.5125,23.51591025
0,1.175,0.975,0.375,6.19436575
0,1.5625,1.25,0.4875,16.65533125
1,1.6625,1.275,0.4375,19.1359125
1,1.5,1.2625,0.475,12.43125575
0,1.65,1.2375,0.4875,16.839603
1,1.6125,1.225,0.5375,12.09106175
1,1.3625,1.0375,0.375,7.92368525
0,1.525,1.175,0.4125,14.118051
0,1.725,1.35,0.4625,15.1102835
0,1.75,1.35,0.5125,22.35358075
0,1.6125,1.25,0.475,21.0069795
0,1.625,1.3125,0.475,16.93882625
0,1.4375,1.175,0.4625,10.61688775
0,1.7,1.2875,0.4,17.519991
0,1.475,1.1375,0.3625,13.4660125
0,1.225,0.975,0.35,7.92368525
1,1.3125,1.025,0.3375,8.3064035
0,1.525,1.2,0.35,12.40290625
0,1.2875,1.0875,0.3625,8.278054
0,1.25,0.95,0.3875,6.05261825
1,1.775,1.3625,0.4375,24.73493875
1,1.625,1.275,0.4375,16.3009625
1,1.5625,1.2875,0.4,16.20173925
1,1.6125,1.25,0.4,15.52135125
0,1.5875,1.225,0.4375,17.6617385
0,1.55,1.225,0.425,14.69921575
1,1.6875,1.425,0.5625,20.9502805
0,1.5625,1.2375,0.3875,14.33067225
1,1.625,1.3,0.4875,16.96717575
0,1.3375,1.1,0.4125,7.9095105
0,1.1625,0.9,0.275,7.55514175
0,1.6,1.275,0.475,17.61921425
1,1.725,1.3625,0.5125,22.26853225
0,1.6625,1.25,0.4375,17.22232125
1,1.5125,1.2125,0.4125,12.3887315
0,1.475,1.1875,0.3875,10.092422
0,1.1125,0.8625,0.225,4.0539785
1,1.5,1.1875,0.3875,18.5122235
0,1.575,1.2125,0.4,17.6617385
1,1.1375,0.875,0.3125,4.49339575
1,1.15,0.9,0.2875,5.96756975
1,1.15,0.875,0.2875,5.386405
1,1.125,0.9,0.3125,6.293589
0,1.5625,1.225,0.4375,16.17338975
0,1.2875,0.95,0.4375,9.2135875
1,1.425,1.1375,0.4125,12.47378
0,1.475,1.15,0.35,14.061352
1,1.4875,1.15,0.35,13.19669225
1,1.45,1.2,0.45,14.01882775
0,1.225,0.9875,0.35,6.27941425
0,1.4625,1.1375,0.375,12.34620725
0,1.3,1.025,0.2875,7.4559185
1,1.4,1.075,0.3125,8.8733935
0,1.25,1.0125,0.3875,9.808927
1,1.325,1.05,0.425,11.623295
0,1.3,0.9875,0.3125,11.43902325
0,1.6375,1.3375,0.5125,20.70930975
1,1.6875,1.3875,0.5125,20.2131935
1,1.55,1.2,0.4125,15.09610875
1,1.7,1.375,0.5,14.8834875
1,1.35,1.1875,0.3875,15.03940975
0,1.0625,0.7875,0.3125,3.21766825
0,1.5,1.15,0.3875,12.62970225
1,1.6125,1.25,0.5625,16.6411565
1,1.475,1.175,0.425,10.0640725
1,0.9625,0.7625,0.3125,4.139027
1,1.3625,1.1125,0.375,10.02154825
0,1.375,1.05,0.425,9.525432
1,1.3,1.0125,0.3,7.49844275
0,1.3125,1,0.325,6.81805475
1,1.5,1.2,0.425,12.96989625
1,1.775,1.4125,0.4875,22.2543575
0,1.6375,1.3125,0.4625,13.8062065
0,1.5,1.175,0.3875,12.40290625
1,1.6,1.1875,0.35,13.87708025
1,1.6375,1.25,0.5125,17.61921425
1,1.725,1.375,0.5,19.4761065
0,1.5,1.275,0.4625,17.27902025
0,1.55,1.2125,0.3625,13.19669225
1,1.125,0.8375,0.2625,5.28718175
0,1.325,1.0625,0.275,6.7188315
1,1.75,1.3125,0.475,20.0430965
0,1.125,0.8875,0.2875,5.10291
0,1.45,1.125,0.3,11.850091
1,1.6,1.1875,0.475,12.37455675
0,1.4,1.1625,0.3625,9.48290775
0,1.275,1,0.35,7.3425205
1,1.775,1.3875,0.425,15.23785625
1,1.8125,1.45,0.4625,22.80717275
0,1.325,1.025,0.4125,5.3580555
1,1.2125,0.9125,0.375,11.75086775
1,1.725,1.3375,0.4625,22.5945515
0,1.625,1.275,0.4,18.10115575
0,1.0375,0.7875,0.3,5.6415505
0,1.6625,1.2875,0.5,14.50076925
0,1.1875,0.8875,0.3,6.633783
0,1.45,1.125,0.4375,12.0485375
0,1.8375,1.475,0.5625,18.0586315
1,1.5,1.175,0.3375,13.19669225
0,1.4,1.0875,0.45,10.20582
1,1.7,1.2625,0.425,18.6256215
0,0.8875,0.6625,0.2125,1.9561155
0,1.2625,0.9625,0.3625,6.690482
0,1.675,1.3,0.4375,17.78931125
1,1.375,1.075,0.3875,8.1930055
0,1.5125,1.225,0.45,13.60776
1,1.2875,1.0625,0.3375,7.55514175
1,1.55,1.1625,0.35,13.5794105
1,1.525,1.1875,0.4,10.87203325
0,1.4875,1.1375,0.4875,13.02659525
0,1.3125,1.0125,0.4,8.958442
0,1.225,0.975,0.3375,6.860579
1,1.3375,1.025,0.325,9.4970825
0,1.5875,1.2375,0.425,18.6256215
0,0.8625,0.675,0.2375,1.88524175
1,1.6625,1.2875,0.45,16.85377775
0,1.4625,1.1625,0.475,11.07047975
1,1.475,1.1625,0.375,11.113004
0,1.4,1.125,0.4625,10.78698475
0,1.7125,1.3,0.4125,19.8163005
1,1.5875,1.2375,0.4375,14.75591475
1,1.5125,1.1875,0.3625,13.31009025
0,1.5625,1.1875,0.4375,18.597272
0,1.0125,0.775,0.25,4.9044635
1,1.275,0.925,0.525,14.401546
1,1.625,1.25,0.4125,13.7495075
0,1.5625,1.2375,0.3875,13.8062065
0,1.625,1.2625,0.475,16.726205
0,1.5125,1.175,0.4125,17.08057375
1,1.4875,1.2,0.4,14.81261375
1,1.375,1.1,0.3875,8.8733935
0,1.5,1.175,0.4375,13.79203175
1,1.1875,0.9375,0.35,5.443104
1,1.75,1.3375,0.4375,19.29183475
1,1.575,1.2875,0.4,15.6772735
0,1.1875,0.9375,0.325,5.88252125
0,1.6375,1.3,0.425,15.025235
0,1.1875,0.925,0.3125,9.8372765
0,1.5625,1.2375,0.3875,13.04077
1,1.5,1.2,0.45,12.74310025
1,1.5625,1.2125,0.4375,20.79435825
1,1.275,1,0.3,9.8372765
1,1.6,1.2625,0.475,13.70698325
0,1.625,1.2125,0.35,13.4660125
0,1.375,1.0875,0.275,9.68135425
1,1.5,1.1625,0.4,13.210867
0,1.4875,1.175,0.3875,13.947954
0,1.7125,1.3,0.375,13.13999325
0,1.4875,1.1375,0.3625,12.190285
0,1.2875,0.925,0.2875,9.68135425
1,1.1,0.85,0.3375,4.26659975
0,1.2625,1.1,0.35,9.68135425
1,1.2875,1.0625,0.35,8.618248
0,1.375,1.0625,0.375,11.6516445
0,1.325,1.0875,0.3375,9.28446125
0,1.475,1.1,0.375,10.9712565
0,1.4625,1.1625,0.375,12.23280925
0,1.55,1.225,0.4,12.47378
1,1.5125,1.2125,0.4125,12.85649825
0,1.3,0.9625,0.2875,6.76135575
1,1.2375,0.925,0.3,7.93786
1,1.4,1.0875,0.4625,11.963489
0,1.75,1.45,0.5125,21.02115425
1,1.6125,1.3,0.425,14.911837
0,1.175,0.9375,0.325,6.08096775
0,1.25,0.975,0.3125,7.04485075
1,1.0875,0.9875,0.2625,3.855532
0,1.475,1.25,0.5,11.679994
0,1.475,1.175,0.3375,15.2803805
0,1.35,1.0625,0.3,8.34892775
0,1.5875,1.25,0.425,17.3215445
1,1.0875,0.875,0.275,4.0539785
0,1.4625,1.1375,0.3625,11.18387775
0,1.125,0.875,0.325,5.88252125
1,1.4375,1.0625,0.375,12.8990225
1,1.7125,1.4125,0.4375,22.04173625
1,1.45,1.15,0.3,13.11164375
1,1.6375,1.1375,0.425,16.6411565
0,1.6125,1.25,0.4,19.050864
1,0.9625,0.7625,0.2625,3.86970675
0,1.4125,1.1125,0.35,11.509897
1,1.45,1.1375,0.4125,10.4609655
0,1.0125,0.7625,0.3,3.50116325
1,1.4875,1.1625,0.3625,11.396499
0,1.5125,1.1375,0.4,11.9351395
1,1.1125,0.8375,0.35,5.06038575
1,1.7125,1.325,0.425,20.93610575
0,1.5875,1.2875,0.4,15.26620575
1,1.5375,1.1875,0.3625,11.09882925
1,1.5875,1.275,0.4625,14.911837
0,1.475,1.225,0.4125,15.8473705
0,1.525,1.2125,0.425,11.8784405
0,1.6375,1.35,0.5375,21.04950375
0,1.575,1.2,0.4625,15.025235
1,1.5625,1.2125,0.475,12.43125575
1,1.75,1.4375,0.5,21.98503725
1,1.6375,1.2875,0.45,17.56251525
0,1.175,0.925,0.325,5.6982495
0,1.075,0.825,0.2375,3.72795925
1,1.25,0.975,0.325,7.10154975
1,1.625,1.2625,0.4125,13.56523575
0,1.525,1.2,0.375,15.87572
0,1.7125,1.275,0.45,17.90270925
0,1.1625,0.8875,0.3,7.72523875
0,1.65,1.325,0.425,16.74037975
1,1.5125,1.2,0.375,12.77144975
0,1.3125,1.075,0.4125,10.659412
0,1.4,1.025,0.4125,9.93649975
0,1.325,1.0375,0.4375,7.3992195
0,1.5625,1.175,0.4375,17.1514475
1,1.6,1.25,0.4125,15.705623
1,1.75,1.4375,0.5125,17.1514475
1,1.25,1,0.375,7.7394135
0,1.625,1.2625,0.425,19.7029025
0,1.275,1.0125,0.375,9.8372765
0,1.6875,1.2875,0.3625,17.08057375
1,1.6,1.25,0.375,10.5176645
1,1.325,1.0375,0.4,8.32057825
1,1.675,1.2875,0.425,18.72484475
1,1.8,1.4375,0.5375,24.28134675
1,1.0625,0.8125,0.3375,4.15320175
0,1.5375,1.175,0.4375,16.08834125
1,1.45,1.1,0.45,10.39009175
1,1.675,1.3625,0.4375,19.83047525
0,1.0375,0.8125,0.35,4.35164825
1,1.4,1.1,0.3875,9.525432
1,1.5625,1.3,0.45,13.73533275
1,1.3375,1.15,0.3625,9.62465525
1,1.25,1,0.4125,7.654365
1,1.375,1.025,0.3625,8.77417025
0,1.575,1.225,0.3875,17.860185
1,1.4875,1.1625,0.375,13.9196045
1,1.8,1.4125,0.425,20.4966885
1,1.3875,1.1,0.35,9.808927
1,1.4375,1.15,0.4625,12.71475075
0,1.15,0.9,0.3125,6.13766675
0,1.6375,1.35,0.4125,19.71707725
0,1.575,1.2,0.375,14.69921575
1,1.8125,1.4,0.4625,24.7491135
1,1.4375,1.125,0.3375,10.262519
1,1.6,1.35,0.4375,14.458245
0,1.3125,1.0625,0.475,13.11164375
0,1.725,1.2875,0.45,27.82503425
0,1.5875,1.2,0.3625,18.8524175
0,1.425,1.125,0.3875,9.241937
1,1.375,1.175,0.375,10.6877615
0,1.4625,1.275,0.4,18.1153305
0,1.7375,1.2875,0.4375,16.386011
1,1.475,1.1,0.35,13.53688625
0,1.5375,1.225,0.425,13.93377925
0,1.4375,1.175,0.375,12.77144975
1,1.3,1.0625,0.375,10.9145575
1,1.4625,1.1375,0.325,11.6516445
1,1.5375,1.175,0.4375,14.55746825
0,1.125,0.8375,0.3125,6.13766675
1,1.125,0.8875,0.2625,6.7188315
1,1.1,0.8625,0.425,4.252425
1,1.5,1.1875,0.375,16.3009625
0,1.4875,1.1375,0.375,14.685041
0,1.225,0.9625,0.3125,9.07184
1,1.6,1.2125,0.3625,15.66309875
1,1.2125,0.9125,0.35,7.35669525
0,1.1375,0.875,0.275,5.6699
0,1.575,1.225,0.4,11.5382465
0,1.4125,1.1,0.4625,9.752228
0,1.525,1.2,0.4625,19.54698025
1,1.35,1.1875,0.3875,11.169703
1,1.425,1.075,0.4,10.98543125
1,1.6375,1.2625,0.4875,19.504456
0,1.3125,1.0875,0.3875,13.777857
1,1.5,1.1875,0.45,12.31785775
1,1.4625,1.1125,0.35,12.20445975
1,1.425,1.0875,0.375,10.98543125
1,1.325,1.0375,0.2875,6.6054335
1,1.225,0.95,0.3625,7.0590255
0,1.3375,1.05,0.4,7.7961125
0,1.625,1.3125,0.475,22.0275615
0,1.075,0.775,0.325,7.75358825
1,1.375,1.075,0.3125,11.43902325
0,1.5,1.2125,0.4375,14.16057525
1,1.5625,1.225,0.5,16.71203025
0,1.475,1.175,0.3625,12.88484775
0,1.3875,1.0875,0.35,9.6671795
0,1.675,1.3,0.475,23.00561925
0,1.775,1.4,0.55,26.12406425
0,1.4875,1.2,0.4625,14.911837
1,1.075,0.8375,0.3,4.3941725
0,1.3375,1.0125,0.4625,9.00096625
0,1.7125,1.375,0.475,25.231055
1,1.425,1.1125,0.3625,11.679994
0,1.6125,1.275,0.475,17.1514475
0,1.25,0.9625,0.3375,6.36446275
0,1.3375,1.025,0.3375,8.09378225
0,1.6,1.275,0.4375,14.5999925
0,1.125,0.825,0.2625,7.29999625
0,1.6125,1.2375,0.475,17.33571925
0,1.4,1.075,0.3875,11.3398
1,1.6875,1.375,0.4375,19.674553
1,1.4,1.1,0.3375,9.922325
0,1.5375,1.1875,0.5125,16.99552525
1,1.3875,1.05,0.275,12.60135275
0,1.55,1.125,0.5,12.14776075
0,1.4875,1.125,0.35,11.24057675
0,1.4125,1.0875,0.375,16.42853525
0,1.3625,1.125,0.375,10.75863525
0,1.4625,1.1375,0.3125,11.0846545
0,1.575,1.2625,0.4375,15.7339725
0,1.5,1.1625,0.3875,17.70426275
1,1.25,0.9375,0.35,6.860579
1,1.6375,1.2875,0.5,20.56756225
1,1.5125,1.125,0.4125,10.1207715
0,1.375,1.075,0.45,12.48795475
0,1.4875,1.15,0.35,11.94931425
0,1.2125,0.925,0.325,7.04485075
0,1.5125,1.1875,0.475,16.726205
1,1.1125,0.8875,0.375,5.1312595
1,1.425,1.125,0.3375,9.48290775
0,1.775,1.4,0.4375,16.045817
1,1.35,1.0375,0.4375,7.7961125
0,1.4625,1.0125,0.375,12.3320325
1,1.3125,0.95,0.35,5.499803
0,1.25,0.9375,0.325,8.66077225
1,1.3375,1.0375,0.425,8.3631025
1,1.75,1.3125,0.475,24.22464775
1,1.65,1.3,0.5,19.0792135
1,1.3625,1.075,0.4125,8.32057825
1,1.4375,1.1625,0.4875,11.8217415
0,1.5125,1.1375,0.4,15.1102835
1,1.2375,0.9375,0.375,7.41339425
1,1.6625,1.325,0.45,17.98775775
0,1.3,1.0875,0.4875,8.46232575
1,1.075,0.85,0.3,4.40834725
1,1.575,1.2,0.4,14.92601175
1,1.55,1.275,0.375,16.4710595
0,1.0625,0.825,0.2,3.798833
0,1.3125,1,0.3875,7.994559
0,1.075,0.8375,0.2875,4.706017
0,1.3125,0.9125,0.425,12.417081
0,1.15,0.9125,0.3125,5.37223025
0,1.4375,1.1125,0.35,9.2135875
0,1.4625,1.125,0.375,11.49572225
1,1.6125,1.3,0.475,16.44271
0,1.4125,1.1625,0.4375,11.04213025
0,1.6375,1.3125,0.45,17.690088
1,1.325,1.0625,0.425,9.87980075
1,1.6,1.25,0.375,15.8473705
0,1.275,1,0.35,6.95980225
1,1.4625,1.1875,0.4125,12.984071
1,0.875,0.6625,0.225,2.11203775
1,1.4125,1.1125,0.3875,9.6671795
1,1.6375,1.275,0.4375,16.68368075
1,1.7375,1.4125,0.475,21.16290175
0,1.1625,1.0125,0.3375,12.360382
0,1.5625,1.225,0.4625,14.95436125
0,1.8,1.4625,0.55,25.95396725
0,1.35,1.05,0.3875,9.96484925
0,1.125,0.8875,0.3,4.1673765
0,1.475,1.175,0.3875,17.70426275
0,1.175,0.9125,0.3375,6.78970525
1,1.2,0.975,0.3125,6.2085405
1,1.4875,1.1875,0.425,13.60776
0,1.3125,0.9875,0.4125,8.0796075
0,1.775,1.4125,0.5,20.014747
1,1.6375,1.3625,0.4125,18.58309725
1,1.6125,1.275,0.5,17.6050395
0,1.45,1.1375,0.4875,26.7902775
0,1.425,1.15,0.35,12.65805175
1,1.3125,1.075,0.3125,9.39785925
1,1.775,1.4125,0.4875,18.086981
1,1.425,1.1125,0.375,14.288148
1,1.675,1.325,0.5125,18.2287285
0,1.6375,1.2875,0.5,12.5588285
1,1.325,1.1,0.3375,8.8733935
1,1.65,1.3125,0.5,18.49804875
0,1.275,0.975,0.3125,7.427569
1,1.3,1.025,0.3125,8.34892775
1,1.55,1.1875,0.4375,12.34620725
0,1.6,1.2125,0.4,12.927372
1,1.55,1.2125,0.55,14.44407025
0,1.575,1.225,0.45,12.984071
0,1.2125,0.975,0.3375,7.087375
0,1.1125,0.875,0.2875,4.43669675
1,1.0375,0.8125,0.2625,4.52174525
0,1.475,1.125,0.3875,10.4609655
1,1.35,1.1,0.3375,6.76135575
1,1.75,1.4625,0.4625,20.00057225
0,1.325,1.0375,0.325,7.7961125
1,1.375,1.0375,0.45,14.231449
1,1.575,1.2,0.4125,15.60639975
0,1.5625,1.25,0.4625,16.99552525
1,1.15,0.9375,0.3,6.25106475
0,1.7875,1.3,0.45,20.071446
0,1.6,1.325,0.4125,13.50853675
0,1.4,1.125,0.3875,10.19164525
1,1.4875,1.125,0.4125,13.891255
0,1.2125,1.025,0.375,6.81805475
1,1.65,1.325,0.425,17.633389
1,1.6125,1.25,0.425,13.62193475
0,1.6875,1.3875,0.5,15.4504775
1,1.1375,0.9125,0.275,4.706017
0,1.6625,1.3125,0.4125,15.63474925
0,1.4375,1.1625,0.3,14.628342
0,1.55,1.2375,0.4875,16.4143605
1,1.1625,0.975,0.35,6.0384435
0,0.975,0.7,0.3125,8.60407325
0,1.0625,0.85,0.3,4.2240755
0,1.7875,1.4125,0.4375,21.67319275
1,1.55,1.2,0.4,15.97494325
1,1.2875,0.975,0.325,5.59902625
1,1.5875,1.25,0.475,16.8112535
1,1.4875,1.0875,0.375,11.83591625
0,1.7125,1.3375,0.3875,18.75319425
1,1.5125,1.25,0.4625,13.2959155
0,1.5625,1.2125,0.4,17.8885345
0,1.45,1.1375,0.425,11.566596
1,1.5125,1.175,0.3875,11.1413535
1,1.5375,1.225,0.475,13.31009025
0,1.3375,1.0125,0.35,11.396499
0,1.625,1.2875,0.3125,14.84096325
1,2,1.575,0.4875,26.4500835
1,1.15,1.0625,0.3875,8.51902475
1,1.4125,1.1375,0.325,12.4454305
0,1.525,1.125,0.375,11.5382465
0,1.4875,1.2125,0.375,15.03940975
1,1.3375,1.125,0.3375,9.128539
0,1.125,0.8625,0.2625,5.10291
1,1.55,1.25,0.375,16.896302
0,1.4,1.1,0.4,9.36950975
0,1.575,1.225,0.425,14.89766225
0,1.2125,0.9875,0.35,6.47786075
0,1.1375,0.8875,0.325,5.6699
1,1.3,1.0375,0.3625,9.42620875
0,1.7125,1.2625,0.475,18.9091165
0,1.3875,1.15,0.4,9.48290775
0,1.6375,1.225,0.4375,18.12950525
1,1.4125,1.1,0.3375,11.1413535
1,1.575,1.25,0.4375,13.2392165
1,1.5375,1.2375,0.4125,15.35125425
1,1.775,1.35,0.5125,22.736299
0,0.925,0.7,0.2625,2.31048425
1,1.425,1.125,0.45,11.38232425
1,1.825,1.4,0.475,22.6512505
0,1.675,1.3125,0.45,22.69377475
0,1.0625,0.8125,0.2375,4.83358975
0,1.55,1.15,0.425,15.1669825
1,1.4375,1.125,0.425,10.70193625
1,1.5625,1.2125,0.5,16.57028275
1,1.3875,1.0625,0.35,7.994559
0,1.575,1.2875,0.4125,13.834556
0,1.575,1.2625,0.3875,13.947954
1,1.5375,1.2125,0.4,14.18892475
0,1.575,1.275,0.575,15.97494325
1,1.6125,1.225,0.4,14.21727425
1,1.55,1.2,0.4375,13.154168
1,1.15,0.95,0.325,8.50485
0,1.6375,1.45,0.5125,27.1871705
1,1.3375,1,0.375,17.519991
0,1.6125,1.225,0.4,15.18115725
1,1.175,0.8875,0.325,5.68407475
1,1.1875,0.9375,0.3125,7.86698625
0,1.45,1.1375,0.375,14.13222575
0,1.4,1.125,0.3625,12.0485375
1,1.325,0.9875,0.2875,7.0590255
0,1.675,1.3,0.4125,20.1564945
1,1.5625,1.225,0.3875,18.92329125
0,1.8375,1.475,0.5375,20.62426125
0,1.4125,1.1,0.3875,9.865626
0,1.5125,1.1875,0.4375,15.29455525
0,1.8,1.4,0.45,19.5895045
1,1.675,1.325,0.5625,17.860185
0,1.65,1.275,0.45,14.17475
1,1.4125,1.2,0.4375,11.01378075
1,1.725,1.375,0.45,24.70658925
1,1.625,1.3125,0.475,25.16018125
0,1.1375,0.875,0.3,5.14543425
0,1.1,0.8875,0.3125,3.742134
0,1.1625,0.875,0.35,5.71242425
1,1.6125,1.3,0.45,16.37183625
0,1.3,0.95,0.3375,7.10154975
0,1.625,1.2875,0.4625,21.262125
1,1.6875,1.35,0.525,19.447757
0,1.5,1.175,0.375,11.97766375
1,1.225,0.9,0.275,4.5642695
0,1,0.7625,0.325,2.721552
0,1.325,1.0875,0.3875,8.164656
0,1.5875,1.1875,0.425,14.75591475
0,1.525,1.1875,0.4125,12.133586
1,1.6,1.25,0.425,19.6462035
0,1.4125,1.125,0.3875,13.42348825
0,1.525,1.2125,0.4375,15.422128
0,1.5875,1.275,0.525,18.52639825
0,1,0.75,0.3125,5.4147545
1,1.5375,1.2875,0.425,12.20445975
0,1.6625,1.3375,0.5625,21.36134825
0,1.575,1.2,0.3625,12.00601325
0,1.55,1.2375,0.45,16.34348675
1,1.5,1.15,0.3625,11.29727575
0,1.4875,1.2,0.4125,13.70698325
1,1.125,0.8125,0.3375,5.11708475
1,1.7625,1.3875,0.4875,20.14231975
0,1.5125,1.1625,0.4125,11.94931425
0,1.35,1.025,0.325,6.73300625
1,1.55,1.2125,0.4375,15.0535845
1,1.25,1,0.3125,7.3992195
1,1.4875,1.1875,0.4,15.5071765
1,1.3875,1.075,0.3375,11.49572225
0,1.7625,1.4,0.4125,22.5945515
0,1.5375,1.2,0.4625,14.13222575
0,1.45,1.1,0.4,9.53960675
1,1.6375,1.2625,0.4125,16.54193325
0,1.6375,1.325,0.4375,13.777857
1,1.6,1.2875,0.5125,18.80989325
1,1.55,1.2375,0.425,10.546014
1,1.8,1.3125,0.45,17.8885345
1,1.55,1.225,0.4,13.9763035
0,1.5375,1.1875,0.4375,13.13999325
1,1.4125,1.125,0.4375,12.6722265
0,1.675,1.2625,0.4,17.73261225
1,1.0375,0.7625,0.325,3.69960975
0,1.625,1.3,0.3875,17.53416575
0,1.275,1,0.325,7.654365
0,1.25,0.95,0.3375,6.50621025
0,1.025,0.775,0.3125,4.01145425
1,1.65,1.325,0.4625,13.9763035
0,1.475,1.125,0.4,12.6155275
1,1.2875,0.9875,0.4125,5.40057975
1,1.6125,1.25,0.3875,17.42076775
1,1.5125,1.2375,0.425,14.968536
1,1.175,0.9,0.3625,4.89028875
0,1.5625,1.2375,0.4625,20.14231975
1,1.475,1.1375,0.375,13.1825175
1,1.3375,1,0.3375,11.15552825
0,1.575,1.2375,0.45,14.0330025
0,1.625,1.2875,0.45,18.653971
1,1.15,0.8875,0.325,6.25106475
1,1.1375,0.9,0.275,5.839997
0,1.475,1.1625,0.3875,14.86931275
0,1.35,1.0125,0.3875,9.14271375
1,1.4125,1.125,0.4875,11.509897
1,1.7875,1.4625,0.575,24.53649225
1,1.55,1.2,0.4125,13.70698325
1,1.1,0.85,0.25,5.329706
0,1.4375,1.15,0.3875,12.51630425
1,1.5625,1.225,0.3625,12.3887315
1,1.5125,1.225,0.375,14.92601175
1,1.3,1.15,0.375,14.8267885
0,1.2,0.8875,0.4,6.2652395
1,0.9625,0.75,0.25,3.16096925
1,1.375,1.0625,0.3375,10.262519
1,1.2875,1,0.425,7.314171
0,1.375,1.075,0.325,8.94426725
0,1.7125,1.3375,0.4375,18.0586315
1,1.325,1.0625,0.325,5.99591925
1,1.875,1.4125,0.5375,21.92833825
0,1.2,0.925,0.25,6.8889285
0,1.375,1.125,0.425,8.9867915
0,1.4375,1.2,0.375,12.34620725
1,1.525,1.2375,0.4125,12.82814875
0,1.5375,1.2375,0.5,15.989118
0,1.1875,0.925,0.3125,7.540967
1,1.5625,1.2125,0.3375,17.293195
0,1.25,0.95,0.3125,7.6260155
1,1.4125,1.125,0.3625,11.94931425
1,1.5875,1.2625,0.425,17.1514475
0,1.7375,1.375,0.5375,20.19901875
0,1.675,1.35,0.4875,15.081934
0,1.3125,1.025,0.325,10.95708175
0,1.175,0.925,0.3,8.3064035
0,1.675,1.3125,0.45,20.638436
0,1.2625,0.975,0.2875,7.29999625
1,1.1,0.85,0.325,4.3374735
1,1.6125,1.275,0.45,22.15513425
0,0.975,0.75,0.225,4.0539785
1,1.375,0.95,0.4125,15.3937785
1,1.5625,1.2875,0.375,14.84096325
1,1.5125,1.175,0.4,15.32290475
0,1.575,1.2625,0.425,13.08329425
0,1.5125,1.225,0.3875,14.2597985
0,1.5875,1.2375,0.4875,12.6155275
0,1.25,0.9125,0.325,8.7599955
0,1.2625,1,0.3875,7.69688925
0,1.65,1.2625,0.475,19.20678625
0,1.3875,1.125,0.4375,9.28446125
1,1.7,1.375,0.4375,23.1048425
1,1.175,0.9375,0.3125,7.144074
1,1.375,1.075,0.375,11.1980525
1,1.65,1.325,0.425,14.7133905
0,1.375,1.15,0.325,8.6465975
1,1.5625,1.1875,0.325,9.05766525
0,1.2875,0.975,0.35,9.6671795
1,1.6875,1.3375,0.4,16.782904
0,1.575,1.2625,0.5625,15.87572
1,1.425,1.125,0.4375,10.77281
1,1.5875,1.25,0.45,15.2803805
1,1.525,1.25,0.45,14.69921575
0,1.4125,1.125,0.4,11.7650425
1,1.375,1.0625,0.3625,8.4198015
0,1.6,1.4125,0.575,18.257078
0,1.4125,1.1375,0.375,12.587178
1,1.55,1.2125,0.3875,14.47241975
0,1.25,0.9625,0.3,6.53455975
0,1.6125,1.225,0.4375,18.49804875
1,1.375,1.0125,0.3125,8.40562675
1,1.2875,1.0875,0.425,7.83863675
0,1.4125,1.1625,0.375,10.6877615
1,1.575,1.2125,0.475,13.13999325
1,0.9875,0.75,0.2625,4.06815325
0,1.55,1.275,0.4375,16.20173925
1,1.475,1.1125,0.325,10.84368375
1,0.9375,0.725,0.2875,2.6365035
0,1.6,1.3125,0.5,12.47378
0,1.55,1.2125,0.3875,13.097469
1,1.4625,1.05,0.3875,12.530479
1,1.325,1.1375,0.4125,8.94426725
0,1.45,1.1625,0.4,8.9300925
0,1.475,1.1875,0.4125,12.88484775
0,1.3625,1.05,0.3125,10.0073735
0,0.8875,0.7,0.2375,2.70737725
0,1.65,1.2875,0.4875,20.82270775
0,1.25,1.0125,0.35,6.8322295
0,1.2,0.9375,0.2875,9.08601475
1,1.3,1,0.325,6.0951425
1,1.575,1.25,0.425,15.86154525
0,1.4125,1.1,0.2875,11.453198
0,1.775,1.375,0.5,25.004259
1,1.3625,1.05,0.4375,7.257472
0,0.9,0.675,0.225,2.3530085
1,1.5125,1.2625,0.45,20.65261075
0,1.3875,1.0875,0.3625,14.13222575
0,1.3625,1.075,0.3875,11.5949455
1,1.025,0.7875,0.275,3.55786225
1,1.1,0.85,0.2625,4.195726
1,1.225,1,0.3625,5.953395
0,0.9375,0.7625,0.225,3.95475525
1,1.525,1.15,0.3625,13.551061
1,1.3,1.0125,0.3625,10.02154825
1,1.8375,1.4125,0.5625,24.664065
1,1.55,1.3,0.5625,10.716111
0,1.6,1.2875,0.4125,17.916884
1,1.5125,1.2125,0.4,10.489315
0,1.4375,1.175,0.4125,8.278054
1,1.325,1.025,0.325,8.561549
0,1.45,1.075,0.325,10.3475675
1,1.325,1.025,0.4125,6.80388
0,1.4625,1.1375,0.5625,10.81533425
0,1.25,0.975,0.3375,10.2341695
1,1.125,0.875,0.3375,6.5487345
1,1.275,0.975,0.2625,5.3013565
0,1.5625,1.2,0.4375,13.79203175
1,1.675,1.4625,0.4,15.43630275
0,1.375,1.1,0.3375,10.432616
0,1.5875,1.275,0.3875,12.133586
0,1.3125,1.0125,0.3375,9.36950975
1,1.6125,1.3125,0.475,18.75319425
0,1.75,1.325,0.475,15.535526
0,1.5,1.2375,0.4375,17.179797
1,1.4125,1.1,0.4,10.035723
0,1.55,1.1625,0.4625,16.4143605
1,1.4125,1,0.325,8.71747125
0,1.575,1.275,0.4375,18.63979625
1,1.2875,1.0125,0.3,8.20718025
0,1.5625,1.2375,0.4375,16.48523425
1,1.4375,1.2,0.4125,14.4865945
1,1.25,0.95,0.3875,6.81805475
0,1.45,1.175,0.4125,15.30873
0,1.55,1.275,0.4375,12.40290625
0,1.725,1.375,0.5,20.751834
1,1.525,1.2125,0.4125,11.15552825
0,1.625,1.2375,0.4,15.592225
0,1.0375,0.8,0.25,3.44446425
1,1.4875,1.1625,0.3625,9.70970375
0,1.3375,1.05,0.3125,10.0640725
1,1.425,1.1375,0.375,15.30873
0,1.575,1.225,0.475,13.99047825
1,0.9375,0.675,0.3375,7.711064
0,1.4375,1.1875,0.3625,10.39009175
0,1.25,1.025,0.375,7.98038425
0,1.4,1.1,0.325,6.87475375
0,1.4375,1.0875,0.325,10.432616
0,1.1125,0.8625,0.35,5.82582225
1,1.4125,1.1375,0.4375,9.695529
0,1.45,1.15,0.4125,13.4093135
1,1.2125,0.95,0.375,6.10931725
0,1.8,1.425,0.5,26.0531905
0,1.6,1.2625,0.45,16.726205
0,1.325,1.075,0.3375,7.93786
0,1.5375,1.1875,0.3875,12.40290625
0,1.4125,1.1375,0.4625,10.035723
0,1.4375,1.175,0.35,9.87980075
0,1.525,1.1875,0.375,17.57669
1,1.7375,1.3375,0.4375,15.49300175
0,1.3875,1.1125,0.3375,9.525432
1,1.7375,1.3375,0.4375,22.77882325
0,1.375,1.1,0.4,9.865626
0,1.225,1.05,0.3125,6.7755305
0,1.675,1.3125,0.4875,18.69649525
0,1.75,1.375,0.4875,19.1359125
0,1.4375,1.125,0.3875,10.21999475
1,1.2125,0.9375,0.3625,6.76135575
1,1.5125,1.225,0.375,12.20445975
0,1.325,1.0125,0.325,8.06543275
1,1.625,1.3625,0.4125,18.83824275
0,1.625,1.25,0.3875,16.0174675
0,1.575,1.2375,0.4,14.0897015
0,1.35,1.0125,0.3125,13.65028425
1,1.25,0.9375,0.2875,5.2446575
0,1.125,0.8875,0.2875,6.02426875
0,1.4875,1.1625,0.3125,9.19941275
0,1.55,1.25,0.45,20.581737
1,1.2625,1.1875,0.4,14.4298955
1,1.45,1.1875,0.4125,11.736693
1,1.575,1.25,0.4625,15.30873
0,1.575,1.2375,0.4375,17.1514475
0,1.425,1.0375,0.325,12.11941125
0,1.525,1.175,0.3875,14.0897015
1,1.2,0.95,0.3375,5.42892925
0,1.225,0.95,0.35,6.53455975
1,1.5375,1.25,0.4125,13.834556
1,1.425,1.1,0.3125,10.41844125
1,1.5625,1.2,0.425,17.67591325
1,1.1,0.8625,0.2625,4.6776675
1,1.6125,1.225,0.475,13.5794105
0,1.4375,1.1125,0.4,11.35397475
0,1.3,1.05,0.4,7.2291225
1,1.575,1.2375,0.475,15.195332
0,1.6,1.3125,0.45,13.79203175
1,1.55,1.25,0.4375,14.13222575
1,1.2875,0.9875,0.35,7.9662095
1,1.6,1.35,0.4375,17.7751365
1,1.2875,0.9375,0.275,8.51902475
1,1.3125,1.0375,0.375,9.3269855
0,1.25,1,0.3125,7.654365
0,1.8,1.4125,0.5,20.354941
1,1.5,1.175,0.475,13.947954
0,1.625,1.3625,0.4,13.8062065
0,1.4125,1.1,0.4375,11.1413535
0,1.5625,1.1875,0.4,14.18892475
1,1.5625,1.225,0.4375,12.71475075
0,1.625,1.275,0.3875,20.45416425
1,1.5375,1.1875,0.425,15.3937785
0,1.7,1.3625,0.4625,20.05727125
0,1.55,1.2125,0.5125,10.98543125
0,1.3125,0.9625,0.25,6.973977
1,1.0875,0.8125,0.2875,4.365823
1,1.425,1.1625,0.4,8.91591775
1,1.625,1.275,0.425,20.53921275
1,1.325,1.0875,0.425,8.46232575
1,1.125,0.9,0.275,5.7549485
1,0.925,0.7125,0.2625,3.18931875
0,1.2875,0.95,0.3375,8.15048125
1,1.175,0.8875,0.35,4.32329875
1,1.375,1.1625,0.45,9.19941275
0,1.025,0.8125,0.25,4.139027
0,1.25,1,0.3625,6.123492
0,1.5625,1.25,0.4375,13.08329425
0,0.9,0.7375,0.25,1.871067
0,1.175,0.925,0.45,5.42892925
1,1.2625,1.0125,0.45,6.7755305
0,1.1875,0.925,0.3125,6.13766675
1,1.3625,1.1,0.3375,12.1619355
0,1.2375,0.95,0.3375,7.4559185
0,1.475,1.1625,0.3375,12.00601325
1,1.5875,1.2125,0.4125,15.97494325
0,1.7375,1.425,0.5,21.2904745
1,1.4875,1.175,0.4125,13.9196045
1,1.3125,1.0125,0.2875,8.80251975
1,1.7,1.3,0.4625,17.4349425
0,1.0625,0.7625,0.275,4.9044635
0,1.4625,1.1625,0.4,13.02659525
0,1.25,0.95,0.3,7.7394135
0,1.4375,1.0875,0.3375,12.246984
0,1.625,1.3,0.525,18.89494175
1,1.375,1.075,0.35,10.6310625
1,1.5,1.175,0.375,10.2908685
0,1.4125,0.975,0.3125,9.979024
1,1.2625,1,0.4125,7.58349125
1,1.6625,1.3,0.4125,20.68096025
0,1.475,1.225,0.3375,11.963489
1,1.725,1.4,0.5375,19.27766
0,1.3125,1.05,0.3875,12.133586
1,1.1875,0.9375,0.375,5.54232725
1,1.35,1.0875,0.4375,9.128539
0,1.45,1.1625,0.375,10.5176645
0,1.1875,0.9625,0.3625,6.6621325
1,1.6875,1.4125,0.4875,21.67319275
0,1.3,1,0.4125,7.78193775
0,1.2,0.9375,0.3625,6.123492
0,1.3,1.0625,0.3875,8.4198015
1,1.25,0.9625,0.2625,5.08873525
1,1.625,1.2875,0.4875,14.72756525
1,1.1375,0.925,0.2625,6.123492
0,1.4375,1.125,0.3375,10.035723
0,1.7,1.2875,0.425,23.85610425
0,1.375,1.125,0.325,10.716111
0,1.5125,1.1875,0.35,15.7339725
0,1.2375,0.95,0.3,5.5848515
0,1.475,1.1875,0.4,10.81533425
0,1.625,1.3,0.4375,17.4349425
0,1.2375,1,0.3,7.38504475
0,1.575,1.1625,0.375,15.2236815
0,1.3375,1.0875,0.35,10.58853825
0,1.275,1.0375,0.35,8.57572375
1,1.3875,1.075,0.35,9.99319875
0,1.6875,1.3125,0.4375,13.6928085
1,1.1875,0.95,0.35,8.97261675
0,1.4875,1.1375,0.3875,11.793392
1,1.625,1.2625,0.4375,14.47241975
0,1.725,1.3125,0.5,25.98231675
1,1.525,1.225,0.425,13.05494475
1,1.5875,1.2625,0.4625,14.2030995
1,1.15,0.825,0.375,5.91087075
0,1.5625,1.1375,0.425,14.04717725
0,1.4375,1.1375,0.3875,13.28174075
1,1.6,1.2625,0.475,12.57300325
1,1.5625,1.225,0.275,14.92601175
1,1.65,1.25,0.4125,12.99824575
1,1.2875,1.05,0.3375,7.98038425
0,1.2625,1,0.325,8.60407325
0,1.525,1.1875,0.3875,12.94154675
0,1.4375,1.125,0.4125,9.28446125
0,1.275,1.0125,0.325,10.56018875
1,1.45,1.125,0.4875,11.43902325
0,1.4375,1.15,0.4125,11.35397475
0,1.4375,1.1,0.4625,14.38737125
0,1.8,1.4375,0.5375,26.97454925
1,1.525,1.2,0.475,14.78426425
1,1.6625,1.3875,0.4875,16.4710595
0,1.2,0.95,0.3375,5.6699
1,1.6375,1.35,0.5375,19.7029025
0,1.5375,1.125,0.375,20.0430965
0,1.425,1.125,0.3875,14.5432935
1,1.4125,1.125,0.4625,8.561549
0,1.2625,0.9625,0.325,8.88756825
1,1.3,1.0625,0.3625,5.8683465
0,1.6125,1.2625,0.375,14.7133905
0,1.6125,1.275,0.3875,18.15785475
1,1.7,1.375,0.4375,20.2131935
1,1.875,1.5375,0.5125,23.2749395
0,1.5,1.1875,0.425,14.401546
0,1.375,1.05,0.4,17.93105875
0,1.375,1.1,0.3875,10.33339275
0,1.3125,0.95,0.3125,8.5898985
0,1.225,0.975,0.375,6.3786375
0,1.6375,1.275,0.5375,25.18853075
0,1.45,1.175,0.4125,9.11436425
1,1.45,1.1125,0.375,11.3398
0,1.625,1.275,0.4375,14.04717725
0,1.575,1.325,0.45,17.519991
1,1.125,0.875,0.3125,5.2446575
1,1.6625,1.425,0.4625,19.74542675
1,1.325,1.025,0.3625,10.6310625
0,1.475,1.2,0.4,16.11669075
0,1.5,1.25,0.4,11.32562525
1,1.2625,0.9375,0.45,6.59125875
0,1.5375,1.2,0.45,13.73533275
1,1.5625,1.2125,0.4,16.7545545
1,1.6875,1.325,0.4875,17.57669
0,1.4125,1.1,0.3125,10.19164525
1,1.6,1.2625,0.4125,14.78426425
1,1.2625,1.0125,0.4,7.6827145
1,1.175,0.9,0.275,6.7188315
0,1.625,1.3125,0.475,17.76096175
1,1.4625,1.1625,0.4125,11.43902325
1,1.4375,1.175,0.4125,12.3320325
0,1.675,1.2875,0.4125,14.911837
0,1.475,1.1625,0.35,13.31009025
1,1.225,0.9125,0.3625,5.65572525
0,1.4875,1.1625,0.375,12.28950825
1,1.7875,1.4125,0.45,23.926978
1,1.5,1.1875,0.4,13.7495075
1,1.5875,1.275,0.425,15.081934
0,1.125,0.8375,0.35,5.28718175
1,1.1875,0.9375,0.3125,6.7188315
0,1.6375,1.2625,0.4125,17.10892325
0,1.2,0.9625,0.3625,8.29222875
1,1.225,0.975,0.3375,6.98815175
1,1.6375,1.325,0.475,13.9763035
1,1.1625,0.875,0.325,5.51397775
1,1.25,0.925,0.3375,4.86193925
0,1.65,1.25,0.4125,18.9091165
1,1.6125,1.2,0.475,19.63202875
0,1.675,1.275,0.45,26.251637
0,1.4375,1.1,0.3625,11.18387775
0,1.5625,1.2,0.425,19.0225145
0,1.5875,1.3125,0.4,15.40795325
0,1.5625,1.2625,0.5375,14.061352
1,1.675,1.3,0.4875,21.488921
1,1.525,1.125,0.325,11.0279555
1,1.6625,1.2625,0.4,17.8885345
0,1.7625,1.375,0.525,18.5689225
1,1.4875,1.25,0.45,12.48795475
0,1.1125,0.85,0.3,5.4714535
1,1.6375,1.275,0.375,13.59358525
1,1.3625,1,0.35,10.432616
0,1.175,0.9375,0.325,6.066793
0,1.5375,1.2625,0.4125,13.87708025
1,1.1,0.8875,0.2875,4.49339575
0,1.5625,1.175,0.3625,19.1359125
0,1.475,1.125,0.3,9.48290775
0,1.5125,1.1125,0.35,12.17611025
0,1.4375,1.1125,0.425,15.5638755
0,1.65,1.2125,0.3875,17.293195
0,1.425,1.125,0.35,9.59630575
1,1.5125,1.175,0.4125,17.3215445
0,1.1375,0.9125,0.2375,6.36446275
1,1.2,0.9125,0.3375,8.34892775
0,1.475,1.0875,0.4125,12.82814875
1,1.7375,1.325,0.5,21.262125
1,1.0625,0.8625,0.275,3.5436875
0,1.375,1.05,0.3625,9.1001895
1,1.4875,1.1375,0.4,12.813974
1,1.5875,1.2625,0.3625,14.3164975
0,1.425,1.1,0.2375,9.62465525
0,1.1125,0.8,0.3,5.6415505
1,1.5,1.25,0.3875,17.67591325
1,1.375,1.125,0.3625,8.3631025
1,1.4625,1.1625,0.425,10.95708175
1,1.2,1,0.3125,6.02426875
0,1.6375,1.3,0.45,20.36911575
1,1.4875,1.2375,0.4625,11.793392
1,1.625,1.275,0.3875,13.6928085
0,1.55,1.175,0.3625,14.4865945
1,1.2,0.9625,0.3375,5.37223025
1,1.575,1.2,0.375,11.113004
0,1.4125,1.0875,0.4625,9.3269855
0,0.9625,0.775,0.25,3.01922175
0,1.525,1.2,0.35,14.628342
0,1.5875,1.2,0.475,16.51358375
1,1.45,1.1375,0.3,11.3114505
0,1.3375,1.05,0.375,7.29999625
1,1.5875,1.225,0.425,15.26620575
0,1.275,1.025,0.3625,10.95708175
1,1.5875,1.2125,0.475,17.973583
1,1.0375,0.85,0.325,4.139027
0,1.7,1.3375,0.4625,20.53921275
1,1.6375,1.2625,0.475,16.82542825
0,1.5625,1.25,0.425,13.16834275
0,1.525,1.1875,0.3875,15.705623
1,1.225,0.95,0.325,6.4920355
1,1.5,1.125,0.35,10.489315
1,1.6,1.275,0.5,17.293195
0,1.375,1.0125,0.35,6.917278
0,1.6125,1.2875,0.4,14.344847
1,1.725,1.3875,0.5125,22.07008575
0,1.65,1.2875,0.5,21.2337755
0,1.425,1.05,0.35,11.793392
0,1.4,1.125,0.35,13.380964
0,1.575,1.2875,0.3875,11.63746975
1,1.325,0.9625,0.3125,8.1930055
0,1.65,1.2875,0.3875,20.00057225
0,1.625,1.3125,0.4625,18.8524175
1,1.125,0.9125,0.2875,9.015141
0,1.525,1.25,0.4125,13.93377925
1,1.5875,1.2125,0.4125,18.937466
1,1.55,1.275,0.5125,13.53688625
1,0.925,0.725,0.2875,3.1467945
0,1.4375,1.0875,0.375,8.3064035
1,1.3125,1.1,0.375,10.44679075
1,1.2625,0.95,0.3625,8.32057825
0,1.6125,1.2625,0.4625,16.782904
0,1.325,1.0625,0.3875,8.7032965
1,1.6875,1.375,0.475,20.14231975
0,1.75,1.5,0.575,22.97726975
0,1.4375,1,0.3875,10.21999475
1,1.15,0.9125,0.3125,5.839997
1,1.2125,0.9375,0.3375,5.45727875
1,1.4125,1.15,0.375,9.79475225
0,1.4625,1.125,0.375,12.23280925
1,1.225,0.925,0.35,6.8889285
1,1.3875,1.0125,0.3,12.99824575
0,1.2875,1.05,0.35,7.10154975
1,1.075,0.8125,0.2875,4.18155125
1,1.5375,1.1875,0.3875,12.6722265
1,1.5625,1.25,0.4,16.23008875
1,1.1,0.825,0.2875,4.0539785
0,1.3875,1.075,0.4125,7.75358825
0,1.475,1.15,0.3875,9.2702865
0,1.5125,1.175,0.2875,11.12717875
0,1.3875,1.1125,0.325,11.97766375
1,1.4,1.1375,0.475,8.0229085
1,1.6,1.3,0.4375,12.03436275
0,1.4375,1.0625,0.35,11.1413535
1,1.7,1.2875,0.4375,14.52911875
0,1,0.725,0.2875,3.16096925
0,0.875,0.6625,0.225,2.82077525
1,1.35,1.1,0.4,11.0846545
0,1.625,1.3125,0.4625,18.83824275
0,1.4,1.0375,0.3625,12.190285
1,1.7,1.275,0.5,20.241543
1,1.6125,1.275,0.4,16.48523425
1,1.5375,1.2375,0.4,16.48523425
1,1.3125,1.025,0.3375,11.52407175
0,1.5,1.15,0.45,11.9918385
0,1.7375,1.325,0.525,18.824068
1,1.45,1.25,0.4125,10.489315
0,1.7,1.35,0.475,20.31241675
1,1.3,1.025,0.4,8.06543275
1,1.35,1.0625,0.4,10.41844125
0,1.175,0.9375,0.2875,4.77689075
1,1.425,1.125,0.375,15.0535845
0,1.725,1.375,0.45,18.86659225
0,1.5,1.125,0.4875,17.4916415
1,1.25,1.1,0.3875,5.74077375
1,1.7375,1.4,0.55,23.96950225
0,1.325,1.0625,0.325,8.49067525
0,1.6,1.2125,0.375,14.72756525
0,1.2375,0.975,0.375,9.31281075
0,1.4875,1.125,0.3625,13.1258185
0,1.4,1.0625,0.3375,14.4298955
0,1.85,1.3375,0.4625,20.808533
0,1.45,1.175,0.4125,11.15552825
1,1.225,0.95,0.3125,6.9456275
0,1.6125,1.3,0.4375,20.0997955
1,1.6875,1.375,0.45,15.932419
0,1.225,0.95,0.3375,6.16601625
0,1.45,1.1,0.375,14.685041
0,1.7375,1.3125,0.4375,19.731252
0,1.5,1.2,0.3875,12.7856245
1,1.1625,0.9375,0.3375,6.30776375
0,1.5,1.2375,0.4625,14.33067225
1,1.3,1,0.3125,8.3631025
0,1.525,1.1875,0.4375,11.5949455
1,1.1125,0.8375,0.275,5.74077375
1,1.3875,1.05,0.35,9.355335
0,0.925,0.7,0.25,3.01922175
1,1.6625,1.325,0.4625,12.927372
1,1.1875,0.875,0.2875,4.86193925
0,1.3375,1.025,0.375,9.7805775
1,1.425,1.2375,0.4,12.813974
0,1.7375,1.45,0.5,19.1359125
1,1.3625,1.025,0.3125,8.34892775
0,1.45,1.1125,0.4,13.891255
1,1.8125,1.5,0.5,19.7596015
0,1.6625,1.2625,0.4,17.42076775
0,1.675,1.25,0.5,16.329312
1,1.4625,1.1875,0.4625,9.82310175
0,1.15,0.9375,0.35,5.443104
1,1.525,1.2375,0.4625,15.195332
1,1,0.8,0.275,3.98310475
1,1.4375,1.1125,0.35,10.90038275
0,1.7375,1.325,0.375,18.07280625
1,1.45,1.15,0.375,15.80484625
0,1.525,1.2125,0.4,15.06775925
1,1.6,1.1875,0.4375,13.79203175
0,1.425,1.0125,0.4,9.76640275
1,1.2875,1.075,0.35,10.4042665
0,1.25,1,0.325,10.489315
1,1.5625,1.3125,0.5375,14.50076925
0,1.3,1,0.3,6.633783
1,1.5625,1.2125,0.4125,14.38737125
0,1.5,1.1625,0.4125,13.1825175
1,1.65,1.3,0.45,14.911837
1,1.6625,1.2875,0.4625,15.86154525
1,1.4875,1.1375,0.35,11.04213025
1,1.425,1.1,0.3,10.829509
0,1.6125,1.275,0.4875,16.68368075
0,1.5125,1.175,0.4,14.10387625
0,1.075,0.875,0.275,4.74854125
0,1.025,0.75,0.25,3.515338
0,1.725,1.35,0.4625,21.89998875
1,1.4,1.075,0.3625,11.04213025
1,1.575,1.2625,0.4875,14.628342
1,1.5625,1.1125,0.4,13.04077
0,1.5625,1.25,0.45,18.2854275
1,1.4875,1.175,0.3875,12.79979925
0,1.5,1.15,0.425,12.927372
1,1.4,1.125,0.4,12.1619355
1,1.375,1.075,0.35,7.27164675
0,1.625,1.3,0.425,17.44911725
0,1.4875,1.1875,0.4,11.566596
0,1.6125,1.25,0.475,14.855138
0,0.95,0.675,0.2375,2.36718325
1,1.25,0.9875,0.375,9.17106325
1,1.1125,0.8125,0.3125,5.06038575
0,1.0375,0.7625,0.25,4.422522
1,1.4,1.1375,0.3125,9.752228
0,1.1875,0.9625,0.3,8.1930055
0,1.3625,1.05,0.3625,10.61688775
0,1.5125,1.1875,0.4375,15.80484625
0,1.15,0.8625,0.3,6.90310325
0,1.7,1.325,0.5125,16.51358375
1,1.6375,1.275,0.4,11.226402
1,1.8,1.4875,0.5625,22.80717275
1,1.3375,1.0625,0.3875,8.561549
0,1.5625,1.25,0.325,16.40018575
0,0.9625,0.75,0.2375,2.50893075
1,1.5,1.1625,0.375,15.46465225
0,1.7,1.35,0.525,23.65765775
1,1.4625,1.175,0.425,11.26892625
0,1.45,1.125,0.375,7.824462
0,1.6875,1.3,0.3625,15.7906715
1,1.4125,1.125,0.4,10.21999475
1,1.5125,1.1625,0.3875,15.5071765
0,1.1375,0.8875,0.3375,5.28718175
1,1.65,1.3375,0.4375,20.1564945
1,1.5,1.25,0.4,14.44407025
1,1.275,1,0.35,13.0124205
0,1.425,1.1375,0.3875,10.16329575
0,1.3375,1.05,0.4,9.865626
0,1.425,1.075,0.3,9.865626
1,1.0125,0.7625,0.2375,4.12485225
1,1.375,1.175,0.375,10.8011595
1,1.3125,1.0125,0.4,7.52679225
0,1.6,1.275,0.425,16.0741665
0,1.425,1.1125,0.4,14.628342
1,1.5625,1.1875,0.4375,13.48018725
0,1.625,1.2875,0.4375,19.1926115
1,1.3125,1.05,0.4,7.78193775
1,1,0.75,0.2875,3.78465825
0,1.475,1.1125,0.35,10.092422
0,1.4,1.05,0.4875,8.57572375
1,1.55,1.275,0.45,16.782904
1,1.2625,0.975,0.325,8.97261675
0,1.625,1.3125,0.4375,19.1359125
1,1.4875,1.125,0.375,16.62698175
1,1.6625,1.25,0.4375,16.8679525
0,1.5,1.15,0.375,15.12445825
1,1.575,1.2375,0.5,18.6823205
0,1.4875,1.1875,0.425,11.8784405
1,1.525,1.15,0.3875,12.06271225
1,1.75,1.3625,0.325,19.06503875
1,0.9625,0.7875,0.275,3.47281375
0,1.375,1.025,0.3125,7.10154975
0,1.0125,0.7625,0.2125,3.24601775
0,1.6125,1.2125,0.5375,15.478827
1,1.425,1.1625,0.45,9.6104805
0,1.1375,0.8625,0.375,4.77689075
0,1.1625,0.875,0.3,5.71242425
1,1.8,1.4125,0.45,23.99785175
1,1.7,1.25,0.4625,21.72989175
1,1.5875,1.2625,0.3875,16.839603
0,1.3125,1,0.425,7.9095105
0,1.55,1.2625,0.4625,19.561155
1,1.525,1.125,0.4,11.736693
0,1.5625,1.175,0.425,13.05494475
0,1.575,1.225,0.3875,15.1669825
1,1.475,1.1625,0.425,13.13999325
0,1.425,1.0875,0.425,10.829509
1,1.375,1.0875,0.35,9.8372765
1,1.425,1.175,0.35,10.9145575
0,1.5875,1.3125,0.5125,15.592225
0,1.3625,1.0625,0.3375,10.5743635
0,1.425,1.05,0.3875,10.6877615
0,1.5875,1.2875,0.4125,14.33067225
1,1.1625,0.875,0.2875,4.43669675
0,1.425,1.0875,0.3125,10.8578585
1,1.4375,1.15,0.4,15.252031
1,1.6625,1.35,0.4875,24.11124975
1,1.1875,0.9,0.3,9.19941275
0,1.3875,1.1,0.3625,11.80756675
1,1.325,1.05,0.3375,7.27164675
0,1.4125,1.1,0.4375,8.788345
0,1.3375,1.05,0.3625,9.355335
0,1.4625,1.2,0.4625,12.303683
0,1.5375,1.15,0.425,13.65028425
0,1.125,0.8,0.25,4.83358975
0,1.5125,1.25,0.4375,13.50853675
0,1.775,1.3875,0.4875,26.80445225
1,1.625,1.2375,0.3875,17.4349425
0,1.3,1,0.3625,9.99319875
1,1.525,1.2375,0.475,13.154168
1,1.0875,0.8,0.3,4.309124
0,1.6125,1.25,0.4375,19.09338825
1,1.425,1.1125,0.3875,7.994559
0,1.4625,1.125,0.4375,13.96212875
1,1.1875,0.9,0.3125,4.80524025
1,1.45,1.15,0.4375,18.427175
1,1.35,1.05,0.325,10.432616
0,1.6,1.4625,0.4875,20.48251375
0,1.5375,1.1875,0.475,20.73765925
1,1.15,0.8875,0.325,5.443104
0,1.0375,0.8625,0.3375,3.628736
1,1.6375,1.275,0.4375,24.13959925
0,1.625,1.25,0.35,17.47746675
1,1.5,1.1875,0.3875,12.5021295
1,1.625,1.3625,0.575,15.88989475
1,1.6,1.25,0.425,14.04717725
0,1.3,1,0.2625,12.79979925
1,1.6875,1.3625,0.4875,19.40523275
1,1.6875,1.3375,0.4625,19.94387325
0,1.7,1.3,0.4375,21.33299875
1,1.3375,1.0375,0.4625,8.901743
0,1.325,1.025,0.35,8.77417025
0,1.575,1.2875,0.4,11.94931425
0,1.2625,0.9875,0.3375,8.164656
1,1.7625,1.3625,0.425,18.24290325
1,1.35,1.05,0.3625,12.23280925
1,1.65,1.2875,0.425,17.4349425
0,1.55,1.175,0.3375,15.06775925
0,1.325,1.0125,0.375,9.979024
0,1.3875,1.1,0.35,11.5382465
1,1.625,1.25,0.425,19.674553
0,1.6375,1.3,0.4125,16.612807
1,1.1375,0.8875,0.3,5.0178615
0,1.925,1.5125,0.4375,22.69377475
1,1.6125,1.225,0.4,13.99047825
0,1.45,1.15,0.325,10.1207715
1,1.45,1.1875,0.3875,12.20445975
0,1.575,1.2,0.4125,17.123098
0,1.4,1.1375,0.3875,9.63883
0,1.25,1,0.3125,9.525432
0,0.9625,0.7125,0.2625,3.44446425
0,1.2375,0.9875,0.3375,8.60407325
0,1.5,1.125,0.3625,12.26115875
0,1.575,1.225,0.375,16.57028275
0,1.45,1.1375,0.375,13.50853675
0,0.875,0.6625,0.225,2.0695135
1,1.7,1.375,0.475,23.31746375
0,1.4,1.0375,0.325,10.47514025
0,1.2625,0.9875,0.3125,8.221355
0,1.3125,1.0375,0.4,7.37087
1,1.25,1.0125,0.375,7.1724235
0,1.4625,1.125,0.45,9.525432
1,1.45,1.125,0.4625,11.18387775
0,1.3,1,0.3125,7.200773
1,1.7625,1.325,0.425,17.349894
0,1.2375,0.9875,0.3,6.350288
0,1.1,0.875,0.275,5.6699
0,1.5125,1.1875,0.45,11.169703
1,1.875,1.375,0.4875,23.530085
1,1.6,1.2375,0.425,13.891255
0,1.425,1.125,0.4,10.56018875
0,1.5375,1.175,0.3625,12.57300325
1,1.425,1.0875,0.35,11.07047975
0,1.65,1.275,0.4125,21.78659075
0,1.15,0.875,0.3125,5.34388075
0,1.5625,1.175,0.45,12.7856245
0,1.2375,0.9875,0.3125,6.73300625
1,1.6375,1.3125,0.475,15.989118
0,1.375,1.0125,0.375,11.679994
1,1.6875,1.3375,0.55,17.50581625
1,1.5875,1.25,0.375,18.41300025
0,1.4875,1.175,0.4125,13.93377925
0,1.525,1.225,0.375,12.0485375
1,1.8,1.475,0.5125,21.98503725
1,1.325,1.075,0.375,9.2135875
1,1.525,1.1875,0.375,14.72756525
0,1.45,1.1625,0.3625,12.48795475
1,1.3375,1.05,0.375,7.89533575
1,1.5875,1.225,0.3875,13.53688625
0,1.4,1.125,0.4,12.246984
1,1.625,1.25,0.475,18.18620425
1,1.4625,1.05,0.3875,12.3887315
1,1.575,1.1875,0.3875,12.813974
0,1.625,1.3,0.475,14.7133905
0,1.3875,1.125,0.3625,11.3398
1,1.5625,1.2375,0.4125,14.3731965
1,1.825,1.375,0.5125,15.35125425
0,1.0625,0.875,0.2625,3.685435
1,1.0875,0.875,0.3,5.443104
1,1.15,0.9375,0.3,5.03203625
0,1.45,1.1125,0.375,12.23280925
1,1.5375,1.25,0.5125,12.60135275
0,1.3125,1,0.35,9.468733
0,1.45,1.15,0.3875,13.2959155
0,1.6125,1.275,0.4125,16.31513725
0,1.2,0.9,0.25,5.499803
1,1.75,1.35,0.5375,18.92329125
1,1.4875,1.1625,0.3875,13.16834275
0,1.3,0.9625,0.35,7.04485075
0,1.3625,1.15,0.4,9.6671795
0,1.425,1.1625,0.3125,10.73028575
1,1.0375,0.7625,0.2625,3.40194
0,1.5625,1.2875,0.425,16.23008875
0,1.2,0.925,0.3375,9.76640275
0,1.6125,1.2125,0.3875,16.76872925
1,1.6125,1.3125,0.425,17.39241825
0,1.4375,1.125,0.4125,14.118051
0,1.7375,1.375,0.4875,20.6100865
0,1.3,1.1625,0.375,12.927372
1,0.925,0.7,0.275,2.67902775
1,1.2375,0.95,0.3,7.52679225
0,0.9,0.675,0.25,2.50893075
0,1.25,1,0.325,7.314171
1,1.1875,0.95,0.3625,4.7343665
0,1.45,1.125,0.4,11.15552825
1,1.5,1.1875,0.3375,16.68368075
1,1.6125,1.3375,0.475,13.267566
1,1.475,1.15,0.3625,12.8423235
0,1.575,1.225,0.4125,16.3009625
1,1.025,0.8,0.2875,4.6776675
0,1.5125,1.1875,0.4,15.57805025
0,1.425,1.0875,0.3625,11.12717875
1,1.55,1.275,0.45,16.839603
1,1.6125,1.3,0.525,17.463292
1,1.85,1.5,0.4875,16.953001
1,1.65,1.2625,0.4625,19.561155
0,1.5625,1.225,0.3,12.927372
0,1.125,0.85,0.325,4.55009475
0,1.1875,0.9375,0.3,7.15824875
1,1.575,1.25,0.45,14.571643
1,1.275,1,0.3125,7.3992195
1,1.0625,0.875,0.25,4.9611625
0,1.1125,0.875,0.3,5.443104
0,1.55,1.2,0.375,17.81766075
0,1.4,1.1,0.4,14.27397325
0,1.475,1.15,0.3625,10.77281
1,1.5875,1.2875,0.475,14.35902175
1,1.2875,1,0.3125,8.12213175
0,1.2875,1.0125,0.3625,6.0951425
0,1.475,1.15,0.325,12.8990225
0,1.55,1.225,0.3875,14.3164975
0,1.55,1.1625,0.475,16.17338975
0,1.1,0.875,0.35,4.8477645
0,1.5625,1.25,0.35,15.43630275
0,1.475,1.175,0.375,11.7083435
0,1.1375,0.875,0.2625,4.46504625
1,1.6125,1.3,0.4375,18.9091165
0,1.5375,1.175,0.4125,12.65805175
1,1.425,1.1,0.475,12.6722265
1,1.4375,1.075,0.3875,9.87980075
0,1.55,1.15,0.4,13.93377925
1,1.6375,1.25,0.55,18.200379
0,1.45,1.125,0.35,9.82310175
1,1.7625,1.3625,0.45,17.22232125
1,1.3,1.0125,0.2875,9.07184
0,1.1375,0.875,0.2625,4.60679375
0,1.4625,1.15,0.3625,13.551061
1,1.3,1,0.3,7.3992195
0,1.1625,0.8875,0.2625,6.4353365
1,1.8,1.4375,0.5375,25.38697725
0,1.7375,1.325,0.475,21.61649375
0,1.55,1.175,0.375,16.6411565
0,1.8,1.4375,0.575,25.04678325
1,1.525,1.2125,0.375,17.08057375
1,1.8,1.4375,0.45,20.751834
1,1.4625,1.1375,0.425,12.06271225
0,1.5,1.175,0.325,11.9918385
0,1.375,0.9625,0.325,9.7238785
0,1.9,1.4375,0.475,19.94387325
1,1.675,1.35,0.4875,20.97863
0,1.875,1.375,0.45,26.705229
1,1.6375,1.1375,0.425,16.5277585
1,1.3125,1,0.3375,9.015141
0,1.725,1.375,0.4875,21.8007655
1,1.175,0.9125,0.3,6.50621025
1,1.525,1.175,0.4,13.96212875
1,1.325,1.05,0.325,9.63883
0,1.1625,0.9,0.325,5.96756975
1,1.5875,1.2375,0.4875,15.762322
0,1,0.775,0.275,3.912231
1,1.4375,1.2,0.375,10.6310625
1,1.55,1.1875,0.4,19.46193175
0,0.95,0.725,0.3,3.33106625
0,1.25,0.975,0.325,7.7961125
1,1.4375,1.125,0.25,12.2186345
1,1.275,0.95,0.325,6.350288
0,1.5,1.1375,0.3875,12.37455675
1,1.85,1.4125,0.5125,27.37144225
0,1.3125,1.0125,0.325,9.25611175
1,1.675,1.2625,0.5125,17.22232125
0,1.1875,0.9,0.35,6.8322295
1,1.4875,1.1875,0.4125,12.587178
0,1.75,1.3625,0.4625,21.262125
0,1.425,1.125,0.3375,15.478827
1,1.225,0.95,0.3875,6.78970525
1,0.975,0.75,0.25,3.04757125
1,1.525,1.075,0.35,12.417081
1,1.175,0.8875,0.25,4.74854125
1,1.825,1.3875,0.45,18.58309725
1,1.175,0.9,0.25,4.63514325
1,1.15,0.875,0.2875,5.74077375
0,1.15,0.95,0.3375,5.8683465
0,1.3625,1.0375,0.35,13.08329425
0,1.5625,1.225,0.4125,14.67086625
0,1.55,1.2375,0.4375,18.2287285
1,1.175,0.9125,0.3,8.221355
1,1.575,1.2375,0.3625,15.46465225
0,1.6125,1.25,0.4375,17.9452335
1,1.4625,1.1375,0.4125,9.7805775
0,1.6125,1.2875,0.4375,19.12173775
1,1.525,1.2125,0.4125,12.06271225
0,1.675,1.3625,0.5,23.6151335
1,1.5875,1.1875,0.375,15.1102835
1,1.6,1.2125,0.4625,19.09338825
0,1.15,0.9375,0.3375,5.273007
1,1.4375,1.15,0.4125,14.13222575
0,1.6125,1.25,0.4375,16.00329275
1,1.3875,1.0875,0.4125,9.525432
1,1.0875,0.875,0.2625,5.499803
1,1.3,0.9875,0.45,4.479221
1,1.6,1.275,0.4125,21.53144525
0,1.3625,1.05,0.3,11.4248485
0,1.35,1.0375,0.425,9.6104805
0,1.3125,1.0375,0.3375,11.169703
0,1.4375,1.125,0.3875,14.0330025
0,1.65,1.325,0.4875,18.44134975
1,1.4375,1.125,0.4,15.762322
0,1.4125,1.1375,0.3875,11.9351395
0,1.375,1.125,0.4375,10.67358675
0,1.0625,0.8125,0.3,4.025629
0,1.5625,1.2875,0.4125,18.9091165
0,1.525,1.175,0.425,14.81261375
0,1.175,0.9,0.3375,4.72019175
0,1.1875,0.9125,0.35,5.726599
1,1.7375,1.375,0.4625,22.8213475
1,1.5125,1.1875,0.4375,17.2648455
0,1.45,1.1125,0.3375,10.70193625
0,1.5125,1.2,0.425,16.499409
0,0.9625,0.7375,0.2375,4.1673765
0,1.45,1.1,0.4375,15.32290475
0,1.75,1.4125,0.4375,23.94115275
1,1.625,1.2375,0.4,16.3576615
0,1.525,1.175,0.375,16.0174675
0,1.275,0.9875,0.3125,6.917278
0,1.7125,1.325,0.425,18.3421265
0,1.8,1.4125,0.3625,19.5895045
0,1.0375,0.75,0.25,4.37999775
0,1.1,0.85,0.2625,3.69960975
1,1.4,1.1125,0.4875,8.6465975
0,1.8625,1.4375,0.5,27.045423
0,1.75,1.3875,0.5,20.695135
0,1.2125,0.9625,0.3125,5.6699
1,1.475,1.2125,0.5125,12.82814875
0,1.4375,1.1375,0.4125,10.67358675
1,1.4,1.0875,0.3125,9.48290775
0,1.375,1.15,0.4375,8.94426725
0,1.525,1.175,0.4,12.7289255
1,1.5,1.1875,0.425,13.90542975
0,1.325,1.025,0.3125,9.808927
1,1.575,1.2,0.4375,14.21727425
1,1.4125,1.1,0.375,12.68640125
1,1.75,1.4,0.4375,24.39474475
1,1.3125,0.975,0.3375,6.42116175
0,1.2625,1,0.375,9.76640275
1,1.3,1.025,0.425,10.58853825
1,1.0625,0.825,0.2875,4.63514325
1,0.9375,0.725,0.2,3.98310475
0,1.45,1.15,0.375,14.75591475
0,1.3625,1.025,0.3625,8.60407325
1,1.775,1.325,0.4875,19.15008725
0,1.5,1.1875,0.4,14.30232275
1,1.5625,1.2875,0.45,14.89766225
1,1.375,1.1,0.3375,12.303683
1,1.25,1.0125,0.35,7.5126175
0,1.55,1.2125,0.4125,14.84096325
1,1.65,1.4125,0.4875,19.617854
1,0.95,0.725,0.2625,2.8066005
0,1.2875,1,0.3125,9.6671795
0,1.325,1.0125,0.3125,7.69688925
1,1.3,1.0125,0.35,7.824462
1,1.3125,1.0375,0.375,6.67630725
1,1.6125,1.2,0.425,14.968536
0,1.5,1.1875,0.475,11.4248485
0,1.55,1.2,0.4,11.679994
0,1.55,1.1875,0.4875,16.82542825
1,1.2,0.95,0.3,7.66853975
1,1.65,1.3125,0.45,22.01338675
0,1.475,1.1625,0.4125,14.64251675
1,1.7375,1.4,0.4625,23.23241525
1,1.125,0.95,0.4125,7.087375
0,1.5,1.1875,0.5125,14.89766225
1,1.675,1.375,0.475,15.37960375
1,1.375,1.1625,0.375,10.13494625
0,0.8875,0.725,0.225,3.798833
0,1.525,1.2,0.4125,17.98775775
0,1.625,1.2375,0.425,17.61921425
0,1.625,1.3,0.4875,19.6462035
0,1.425,1.1,0.3625,10.21999475
1,1.425,1.125,0.425,11.736693
0,1.125,0.8375,0.3125,3.3735905
1,1.4875,1.1375,0.3875,14.55746825
0,1.2625,1,0.3125,7.75358825
1,1.175,0.9375,0.2625,6.577084
1,1.3,1.025,0.3875,8.2497045
0,1.4875,1.2,0.35,11.60912025
1,1.55,1.175,0.35,10.21999475
0,1.425,1.125,0.3875,15.94659375
0,1.575,1.25,0.4625,16.40018575
0,1.75,1.3375,0.4,17.860185
0,1.625,1.2375,0.45,22.69377475
1,1.7125,1.35,0.5375,18.824068
1,1.6375,1.325,0.4125,16.5277585
0,1.3625,1.125,0.4,8.29222875
1,0.925,0.7375,0.25,3.30271675
1,1.6125,1.25,0.5,18.1153305
0,1.6875,1.3625,0.4625,24.834162
1,1.3375,1.05,0.325,8.85921875
0,1.625,1.2375,0.4,16.159215
1,1.425,1.0625,0.325,10.47514025
0,1.175,0.9375,0.3,6.406987
1,1.6,1.225,0.45,18.5122235
0,1.2625,0.9625,0.2625,6.7755305
1,1.0125,0.8125,0.275,4.2807745
1,1.675,1.3,0.475,14.84096325
0,1.575,1.2625,0.4125,12.82814875
1,1.2125,1,0.3875,6.690482
1,1.575,1.2375,0.4125,16.9813505
0,1.625,1.3125,0.4625,16.612807
0,1.2875,1,0.35,8.37727725
1,1.325,1.0375,0.375,6.7188315
0,1.425,1.1375,0.375,11.04213025
0,1.45,1.15,0.3875,19.03668925
1,1.2625,0.95,0.3375,10.2341695
0,1.4125,1.0625,0.25,8.66077225
1,1.325,1.05,0.35,8.23552975
1,1.275,0.975,0.3375,6.5487345
0,1.175,0.95,0.3625,6.76135575
0,1.3875,1.1,0.3375,10.78698475
1,1.4625,1.0375,0.3875,8.50485
0,1.8375,1.425,0.4375,25.78387025
0,1.2,0.9125,0.325,6.81805475
0,0.875,0.6625,0.275,3.86970675
1,1.7,1.4,0.4875,24.4089195
1,1.45,1.1,0.4375,11.35397475
1,1.525,1.175,0.4875,13.2959155
0,1.7,1.325,0.45,21.64484325
1,1.1625,0.975,0.275,5.14543425
0,1.275,0.9875,0.3625,6.123492
1,1.4625,1.2125,0.375,11.75086775
1,1.6375,1.2625,0.4375,17.59086475
1,1.2875,1.0375,0.325,7.824462
0,1.575,1.2625,0.375,17.93105875
0,1.4,1.0625,0.3375,9.25611175
1,1.4,1.1125,0.3875,15.77649675
0,1,0.8,0.2375,3.78465825
0,0.9875,0.7625,0.2625,2.76407625
0,1.5,1.1625,0.3875,14.514944
0,1.5,1.2375,0.4375,17.56251525
0,1.45,1.225,0.325,16.612807
0,1.35,1.0875,0.45,10.87203325
0,1.4125,1.0625,0.4,9.90815025
0,1.3625,1.1,0.4125,8.15048125
0,1.1625,0.9,0.2625,4.876114
0,1.3875,1.025,0.3125,6.64795775
1,1.375,1.0625,0.35,13.87708025
